Currency,AUD:Australian Dollar,BND:Brunei Dollar,BRL:Brazilian Real,CAD:Canadian Dollar,CHF:Swiss Franc,CNY:Yuan Renminbi,CZK:Czech Koruna,DKK:Danish Krone,DZD:Algerian Dinar,EUR:Euro,GBP:Pound Sterling,HKD:Hong Kong Dollar,HRK:Croatian Kuna,HUF:Hungarian Forint,IDR:Indonesia Rupiah,ILS:New Israeli Sheqel,INR:Indian Rupee,JPY:Japanese Yen,KRW:Korean Won,MXN:Mexican Peso,MYR:Malaysian Ringgit,NOK:Norwegian Krone,NZD:New Zealand Dollar,PHP:Philippine Piso,PLN:Polish zloty,RON:Romanian Leu,RUB:Russian Rouble,SEK:Swedish Krona,SGD:Singapore Dollar,THB:Thai Baht,TRY:Turkish Lira,TWD:New Taiwan Dollar,USD:US Dollar,ZAR:South African Rand
4,1.390439,1.425307,4.039548541,1.392182,0.999358,6.534043,24.796293,6.847128,107.198018,0.9176,0.67728,7.750413,7.011837,289.401725,13942.5858,3.914388,66.633327,119.086071,1190.92494,17.375023,4.346027,8.852542,1.481556,47.158194,3.941549,4.144797,73.108644,8.414021,1.425307,36.159846,2.954028262,33.098734,1,15.558635
5,1.394193,1.424716,4.003629257,1.393635,1.009399,6.520938,25.146101,6.942583,107.768379,0.930579,0.681509,7.751442,7.108505,293.318444,13846.52894,3.921831,66.586544,119.00242,1188.367765,17.289968,4.343011,8.92239,1.489019,46.874186,4.009306,4.212544,73.387307,8.583194,1.424716,36.121347,2.978689745,33.096966,1,15.600503
6,1.413796,1.434463,4.03379259,1.409142,1.009682,6.552597,25.159188,6.944982,107.745764,0.930925,0.683672,7.751908,7.112735,293.064606,13953.54683,3.946099,66.862968,118.404394,1200.148948,17.452988,4.411469,8.957829,1.504934,47.093651,4.037796,4.210017,74.464066,8.595234,1.434463,36.228821,3.008285236,33.243344,1,15.82871
7,1.430806,1.436511,4.048675009,1.413324,1.000644,6.594774,24.871181,6.86382,107.419304,0.920133,0.685913,7.752944,7.029812,290.568642,13930.05153,3.928966,66.894737,117.537725,1202.493559,17.682738,4.407803,8.922985,1.514906,47.134707,4.003681,4.167096,75.246227,8.536989,1.436511,36.291866,3.017206478,33.323519,1,16.101123
8,1.426664,1.436884,4.022189485,1.410644,0.999908,6.590277,24.879845,6.868428,107.505294,0.920726,0.686115,7.762821,7.036829,290.516527,13913.35973,3.922015,66.679495,118.322438,1201.344259,17.791272,4.384035,8.913544,1.514594,47.14483,4.007274,4.168585,74.03867,8.529601,1.436884,36.264617,2.991529325,33.253844,1,16.008655
11,1.425055,1.433413,4.02149155,1.408523,0.997704,6.571822,24.81723,6.851855,107.170004,0.918442,0.686122,7.758174,7.021951,291.440118,13846.82219,3.933413,66.808688,117.863703,1202.351212,17.834497,4.376837,8.887766,1.522502,47.139971,4.008633,4.161003,75.309974,8.515797,1.433413,36.270206,3.0191036,33.338538,1,16.575496
12,1.426726,1.436877,4.033222591,1.41842,1.001753,6.577704,24.936323,6.885567,107.405039,0.92285,0.692876,7.760613,7.075674,293.235511,13811.00037,3.941584,66.86997,117.930971,1207.890365,17.789959,4.41399,8.895164,1.527039,47.338501,4.020672,4.183555,76.309985,8.534791,1.436877,36.330749,3.030823182,33.397933,1,16.587025
13,1.425018,1.432322,3.995377219,1.42206,1.01017,6.575536,24.982433,6.898484,107.603365,0.924556,0.693602,7.759061,7.088572,291.632766,13820.24778,3.941845,66.865015,118.102811,1203.014053,17.823502,4.380732,8.837648,1.527274,47.414016,4.017936,4.18824,76.100037,8.548447,1.432322,36.245377,3.016457101,33.330251,1,16.489737
14,1.440834,1.438539,4.014504728,1.436427,1.005233,6.592215,24.805839,6.850638,107.233269,0.918021,0.694969,7.782521,7.037547,290.067016,13912.65951,3.946204,67.430093,117.745341,1212.494262,17.949968,4.393188,8.819517,1.55173,47.806848,4.014505,4.16304,76.379969,8.523823,1.438539,36.309557,3.031763518,33.496741,1,16.567979
15,1.456386,1.441726,4.044255085,1.452172,1.00339,6.586769,24.758109,6.838098,107.347535,0.916254,0.697728,7.793385,7.023548,288.024556,13989.47224,3.951347,67.789995,117.097306,1217.674546,18.130475,4.423768,8.80383,1.56707,47.902694,4.043339,4.157504,77.59978,8.564596,1.441726,36.379879,3.042697453,33.643027,1,16.699102
18,1.451524,1.439038,4.033143592,1.450606,1.004958,6.578957,24.822806,6.852093,107.281216,0.918105,0.700174,7.798292,7.035898,289.588689,13921.63974,3.956115,67.688762,117.315461,1209.548292,18.243022,4.39653,8.894418,1.548109,47.774513,4.095299,4.164983,79.133309,8.576111,1.439038,36.279838,3.039111274,33.583364,1,16.790488
19,1.442124,1.434671,4.026315789,1.449209,1.004969,6.578579,24.864741,6.866765,107.471292,0.920133,0.703653,7.806496,7.044074,289.436879,13810.77475,3.95887,67.615017,117.887376,1202.511962,18.118513,4.37339,8.852503,1.542418,47.607656,4.083916,4.16866,78.436235,8.578487,1.434671,36.278984,3.039197644,33.508465,1,16.66498
20,1.459246,1.439168,4.085358027,1.463739,1.002292,6.579994,24.793252,6.843128,107.311268,0.916842,0.705969,7.826717,7.029431,288.585312,13961.85936,3.975429,67.995507,116.6957,1216.154763,18.375997,4.394976,8.861282,1.570918,47.876593,4.098469,4.15568,80.865958,8.56615,1.439168,36.290456,3.053726964,33.805813,1,16.768681
21,1.446342,1.438539,4.15220784,1.445883,1.005141,6.579087,24.845314,6.851189,107.240797,0.918021,0.708547,7.819793,7.042137,288.644083,13908.00514,3.972918,67.996328,116.983384,1213.29294,18.555035,4.389792,8.907831,1.555127,47.88947,4.125861,4.160103,84.243092,8.585973,1.438539,36.264574,3.038465069,33.745525,1,16.657762
22,1.42302,1.426813,4.121946706,1.417098,1.013138,6.57883,25.005551,6.904238,107.755459,0.925241,0.698177,7.790896,7.09567,288.860104,13834.75204,3.973446,67.629996,118.217987,1196.178756,18.519615,4.284604,8.76064,1.536454,47.723908,4.12537,4.188842,79.471688,8.580496,1.426813,36.011288,3.01369356,33.494634,1,16.482513
25,1.432825,1.430328,4.093943597,1.419417,1.015349,6.57938,24.984743,6.900046,107.585298,0.924642,0.701711,7.795099,7.09154,289.13546,13855.89459,3.978826,67.77374,118.418863,1196.05178,18.49006,4.272584,8.745724,1.546741,47.979658,4.132224,4.184558,79.557097,8.576791,1.430328,35.939898,3.019879797,33.499769,1,16.512252
26,1.434899,1.430101,4.103072806,1.422073,1.015779,6.580603,24.934022,6.885854,107.421703,0.922765,0.702178,7.797176,7.073729,288.576174,13845.8614,3.975639,67.896743,118.316877,1203.118944,18.571468,4.27563,8.75316,1.548122,48.03082,4.147089,4.184553,80.070591,8.54886,1.430101,35.863246,3.017347975,33.530497,1,16.506505
27,1.420004,1.427443,4.037747979,1.408064,1.016532,6.577976,24.820904,6.853876,107.320996,0.918442,0.697695,7.793993,7.043075,288.253123,13860.14879,3.972447,68.049963,118.3964,1202.185893,18.37252,4.243479,8.680015,1.537381,47.907788,4.106356,4.168626,78.261021,8.503949,1.427443,35.785268,2.9904482,33.566312,1,16.33018
28,1.414198,1.426763,4.104650096,1.408511,1.013758,6.57663,24.783087,6.844538,107.201321,0.917179,0.699147,7.791892,7.024947,287.416307,13864.27589,3.955792,68.224984,118.884711,1207.33743,18.340457,4.198111,8.664129,1.547647,47.799688,4.084564,4.163992,76.586077,8.533981,1.426763,35.831423,2.979455196,33.599009,1,16.306063
29,1.409158,1.423993,4.056227106,1.406868,1.020513,6.576007,24.749084,6.834066,107.090018,0.915751,0.699725,7.793132,7.014652,285.741758,13706.63004,3.945421,67.860714,121.108059,1207.509158,18.319963,4.147985,8.68544,1.537363,47.694139,4.065751,4.153114,75.867399,8.560714,1.423993,35.68956,2.963827839,33.423993,1,16.018956
32,1.412808,1.424109,3.99770305,1.401415,1.019478,6.578923,24.826351,6.856395,107.373025,0.91878,0.699191,7.780963,7.038313,286.530687,13640.25175,3.950753,67.907019,121.269754,1203.996692,18.266354,4.166207,8.651231,1.545388,47.714076,4.038221,4.157111,76.227031,8.529493,1.424109,35.611907,2.964810731,33.402242,1,16.080393
33,1.417254,1.42742,3.989834234,1.400495,1.020881,6.579998,24.751351,6.834692,107.141771,0.915835,0.694752,7.784229,7.022163,285.41991,13687.25158,3.952835,67.984706,120.743658,1211.264768,18.340965,4.214672,8.720854,1.542174,47.857862,4.03471,4.134078,79.101658,8.557285,1.42742,35.749611,2.952376591,33.463687,1,16.099276
34,1.416263,1.429708,3.958657276,1.393396,1.016647,6.577883,24.718741,6.825482,107.099241,0.914662,0.689015,7.798957,7.012256,284.048294,13755.32791,3.962316,68.041709,119.436568,1216.381597,18.393671,4.218513,8.701912,1.51468,47.900851,4.022867,4.124486,78.652703,8.559407,1.429708,35.853837,2.93954084,33.578158,1,16.184945
35,1.387293,1.40282,3.880599679,1.37123,0.996698,6.576031,24.112975,6.659736,105.98126,0.892379,0.683518,7.788417,6.836516,277.074781,13626.5929,3.907728,67.695877,117.338926,1192.887739,18.124308,4.116099,8.511066,1.48831,47.622702,3.940032,4.02347,76.815099,8.391576,1.40282,35.652329,2.900232019,33.209888,1,15.854899
36,1.391091,1.395822,3.879128727,1.375112,0.990984,6.572398,24.135869,6.662114,106.102482,0.892698,0.687154,7.787092,6.832708,276.691662,13548.81271,3.875647,67.653723,116.684521,1190.760578,18.209963,4.153544,8.539993,1.486788,47.554901,3.939832,4.019639,76.776468,8.420371,1.395822,35.50973,2.901089091,33.075344,1,15.852883
39,1.416629,1.408882,3.895594991,1.3951,0.995496,6.575534,24.377984,6.722908,106.233492,0.90082,0.695793,7.790379,6.887217,279.875687,13673.38078,3.892893,68.033961,116.304837,1210.170255,18.660031,4.185389,8.63751,1.513557,47.819115,3.995316,4.035492,77.328079,8.495361,1.408882,35.545446,2.947572291,33.415908,1,16.204396
40,1.431381,1.403257,3.892933428,1.390441,0.978729,6.57921,24.081524,6.642488,105.899519,0.889996,0.693708,7.795034,6.801353,277.278391,13623.54931,3.885279,68.044589,114.871841,1207.048772,18.860983,4.172303,8.606711,1.520559,47.740299,3.963154,3.999911,78.671413,8.467604,1.403257,35.447668,2.950694197,33.326807,1,16.194375
41,1.407835,1.392378,3.887181309,1.385893,0.973616,6.574309,24.012614,6.630363,105.729857,0.888336,0.686933,7.789464,6.782446,276.82331,13446.5044,3.872168,67.855024,114.968464,1190.699121,18.712979,4.121702,8.54535,1.502709,47.42649,3.934352,3.982411,78.671049,8.453584,1.392378,35.34956,2.926623434,33.08075,1,15.846051
42,1.411651,1.390147,3.95135278,1.39614,0.971799,6.57372,23.855645,6.577774,105.455275,0.88129,0.693928,7.791134,6.732264,274.944919,13471.74584,3.890984,68.436591,112.188244,1201.048735,19.041509,4.144972,8.556006,1.495814,47.548251,3.920419,3.946682,80.097471,8.388825,1.390147,35.247202,2.927381687,32.976998,1,15.852384
43,1.410288,1.397428,3.998847007,1.392284,0.974634,6.573304,24.002661,6.620133,105.662616,0.886918,0.689446,7.788559,6.768958,275.059867,13491.38803,3.881242,68.241064,112.700665,1206.190687,19.232993,4.164523,8.582971,1.504656,47.504213,3.912106,3.96816,79.454634,8.385809,1.397428,35.6,2.929490022,33.016408,1,15.893038
46,1.397496,1.399195,3.986314848,1.38229,0.984705,6.494275,24.183363,6.676029,106.001521,0.894454,0.690519,7.784973,6.815742,276.601073,13370.21467,3.889267,68.072004,114.132379,1209.436494,18.864937,4.134526,8.614758,1.500179,47.406082,3.93068,3.997227,77.208676,8.484973,1.399195,35.615385,2.943470483,33.111807,1,15.752594
47,1.397546,1.402114,4.015135232,1.381874,0.986745,6.514508,24.20652,6.684936,106.077288,0.895576,0.694788,7.787032,6.821601,278.300197,13431.73025,3.910263,68.420652,113.756045,1216.818915,18.848021,4.180996,8.601917,1.516299,47.510299,3.946086,3.995433,77.421548,8.484865,1.402114,35.634963,2.957460147,33.143471,1,15.732491
48,1.403466,1.410111,4.02891523,1.381735,0.990841,6.527029,24.285201,6.703035,106.200431,0.897989,0.698949,7.791307,6.840248,278.331537,13487.05999,3.903646,68.498563,114.134339,1228.663793,18.736979,4.215068,8.616649,1.51778,47.628412,3.949264,4.000539,76.497396,8.506017,1.410111,35.630388,2.959859914,33.359375,1,15.653736
49,1.398051,1.404186,4.017232046,1.368459,0.994948,6.517683,24.386503,6.73358,106.360159,0.902201,0.695985,7.778961,6.872519,279.222302,13488.94803,3.907073,68.518676,113.830747,1228.978708,18.234392,4.171508,8.592115,1.509202,47.541501,3.953176,4.025171,75.313244,8.481956,1.404186,35.566582,2.96679899,33.258751,1,15.396698
50,1.406363,1.407444,4.042357606,1.376532,0.99288,6.522891,24.353821,6.725397,106.333363,0.901226,0.700388,7.774694,6.865537,278.577866,13507.60635,3.912221,68.467466,113.013699,1233.498558,18.288302,4.220981,8.593908,1.510544,47.623468,3.945296,4.025775,76.777578,8.456921,1.407444,35.74982,2.965302812,33.326424,1,15.445205
53,1.389625,1.402957,3.968347542,1.37203,0.998367,6.521767,24.507528,6.76764,106.587158,0.906947,0.709623,7.770633,6.920007,279.194631,13445.19318,3.907673,68.560493,113.23236,1225.458008,18.079993,4.187466,8.60965,1.498367,47.630147,3.958462,4.060131,75.722474,8.486486,1.402957,35.750045,2.948666788,33.212407,1,15.280791
54,1.381749,1.40738,3.960189057,1.373932,0.992638,6.527359,24.566442,6.782221,106.688875,0.908926,0.708826,7.769496,6.931467,279.612798,13394.39193,3.905199,68.538357,111.906926,1230.19451,18.085257,4.212507,8.597528,1.495364,47.624977,3.969097,4.058171,75.258135,8.499364,1.40738,35.739865,2.935648064,33.276677,1,15.124614
55,1.395046,1.409526,3.988070303,1.383936,0.993899,6.53802,24.630726,6.795465,107.199344,0.910664,0.718833,7.770968,6.944723,282.806666,13447.17239,3.926054,68.562517,111.884164,1238.12039,18.287497,4.243967,8.729442,1.513523,47.669611,3.97778,4.077497,77.123577,8.527092,1.409526,35.709862,2.944722703,33.358528,1,15.540934
56,1.386778,1.402285,3.947311145,1.362565,0.991657,6.531786,24.532511,6.766754,107.304344,0.906865,0.715698,7.769656,6.912125,281.908044,13410.5015,3.90088,68.875034,112.460325,1239.448626,18.138297,4.216922,8.652671,1.495148,47.63943,3.952208,4.051238,76.138116,8.507119,1.402285,35.659744,2.924458148,33.219371,1,15.566972
57,1.387879,1.401781,3.939305833,1.354625,0.993004,6.537707,24.590224,6.778121,107.521988,0.908595,0.715473,7.769489,6.926222,282.137016,13369.99818,3.9006,68.690714,113.047429,1235.998546,18.102217,4.211521,8.653916,1.485281,47.497729,3.964292,4.055879,75.454298,8.514447,1.401781,35.649646,2.939033255,33.219153,1,15.675813
60,1.401543,1.407513,3.985488611,1.356264,1.002388,6.553178,24.850294,6.851763,108.665963,0.918442,0.721712,7.774706,7.004317,285.874357,13371.99669,3.908523,68.316036,113.096988,1237.637766,18.185617,4.212895,8.729151,1.520665,47.4054,3.999173,4.110672,75.903012,8.561627,1.407513,35.66036,2.964088905,33.287105,1,16.032605
61,1.397719,1.401582,4.002851361,1.352005,0.998896,6.551692,24.885946,6.860835,108.766832,0.919794,0.7156,7.775846,7.014625,285.274099,13337.01251,3.893672,67.853201,113.07947,1232.579102,18.016188,4.154065,8.652502,1.515361,47.223142,3.99816,4.107156,73.792311,8.61387,1.401582,35.604305,2.951526858,33.098786,1,15.822664
62,1.382646,1.402542,3.917004422,1.344418,0.998987,6.551676,24.913412,6.869934,108.916544,0.92115,0.713062,7.774503,7.004422,285.519528,13306.16249,3.886422,67.530859,114.28703,1229.080693,17.890015,4.164978,8.679071,1.511054,47.279845,3.988301,4.106945,73.759119,8.602155,1.402542,35.570192,2.938743552,33.105195,1,15.668478
63,1.362444,1.390515,3.848179066,1.343363,0.994404,6.540501,24.820659,6.840198,108.868728,0.917347,0.710348,7.774975,6.973213,283.405192,13234.99679,3.889735,67.275021,113.962022,1213.292359,17.899459,4.124576,8.645537,1.491331,46.978259,3.97569,4.0899,73.465278,8.588203,1.390515,35.480231,2.928171727,32.909825,1,15.709109
64,1.354512,1.381039,3.722333637,1.341568,0.993437,6.515953,24.665451,6.801185,108.899544,0.911577,0.706317,7.765907,6.922516,281.959891,13135.00456,3.906108,67.083865,113.737466,1203.08113,17.831632,4.111212,8.553327,1.478851,46.786691,3.948314,4.071376,73.07876,8.509116,1.381039,35.390155,2.919507748,32.722881,1,15.613036
67,1.349037,1.382087,3.7640829,1.337716,1.000822,6.517027,24.701908,6.811376,108.901579,0.912992,0.707003,7.767826,6.918926,282.689674,13090.00274,3.91354,67.088925,113.621839,1204.227152,17.828358,4.0829,8.544052,1.480964,46.912261,3.951338,4.074044,71.873094,8.519036,1.382087,35.41039,2.922852187,32.684196,1,15.370949
68,1.341494,1.38366,3.780377222,1.332517,0.993108,6.505622,24.535727,6.765869,108.606456,0.906783,0.703736,7.767138,6.871237,281.274937,13142.99964,3.909412,67.307309,112.985129,1205.903156,17.812568,4.110174,8.549601,1.478237,46.946863,3.924102,4.048876,71.720076,8.499093,1.38366,35.389917,2.918026841,32.766594,1,15.368607
69,1.335095,1.382575,3.712749476,1.340108,1.000456,6.512895,24.648683,6.799781,108.890732,0.911328,0.702953,7.765971,6.891461,282.165315,13170.75549,3.898569,67.150278,112.667456,1211.728789,17.817461,4.114372,8.563201,1.475622,46.857742,3.932288,4.067894,71.782557,8.468058,1.382575,35.290258,2.907317962,32.832407,1,15.378474
70,1.33757,1.382795,3.65846919,1.328544,1.007737,6.519941,24.902828,6.869946,109.215898,0.921065,0.706715,7.764484,6.969697,285.539283,13049.82039,3.901354,66.92871,114.092291,1200.046053,17.668509,4.093028,8.559086,1.499217,46.588376,3.953302,4.106567,70.403426,8.507046,1.382795,35.289675,2.882195818,32.87188,1,15.072304
71,1.33147,1.377006,3.643011722,1.325338,0.987196,6.503066,24.399459,6.726601,110.302254,0.901713,0.699684,7.760956,6.830027,279.783589,13060.98287,3.879351,67.012624,113.769161,1190.162308,17.750406,4.087556,8.508566,1.49486,46.496844,3.886294,4.027863,69.845807,8.394049,1.377006,35.110009,2.875383228,32.71596,1,15.241028
74,1.327008,1.374314,3.620919147,1.325389,0.98651,6.496088,24.327727,6.707887,110.061966,0.899361,0.696358,7.757262,6.803669,278.90098,13044.76122,3.879216,67.061157,113.643313,1186.050904,17.775699,4.114219,8.466589,1.492131,46.573433,3.852595,4.016368,70.679827,8.346974,1.374314,35.040022,2.882363522,32.638727,1,15.400935
75,1.339184,1.379422,3.7078945,1.335134,0.986047,6.511477,24.343325,6.713206,110.1073,0.900171,0.705356,7.759384,6.804393,279.530111,13177.49572,3.891889,67.358268,112.845441,1194.346926,17.866055,4.142857,8.533621,1.504096,46.732379,3.860744,4.025385,70.867315,8.319471,1.379422,35.110271,2.892069493,32.869745,1,15.853542
76,1.347704,1.384219,3.816341287,1.337491,0.9906,6.523861,24.448662,6.739425,110.22171,0.903832,0.711587,7.761659,6.837943,281.480477,13267.49819,3.901934,67.234996,113.593637,1194.848156,17.940618,4.172903,8.588214,1.519252,46.775127,3.888557,4.046005,71.048445,8.336497,1.384219,35.068691,2.924981923,32.839841,1,16.212491
77,1.310936,1.353903,3.663513394,1.299708,0.96888,6.48192,23.909469,6.591194,109.962072,0.884095,0.691522,7.757404,6.661922,274.113695,13039.99646,3.85156,66.642207,111.643533,1160.68429,17.521262,4.0595,8.378393,1.463619,46.313323,3.792326,3.958624,68.390063,8.216338,1.353903,34.790027,2.861462293,32.375564,1,15.395456
78,1.312528,1.354464,3.616810001,1.296835,0.968082,6.475485,23.969324,6.608919,110.126784,0.886603,0.690265,7.754588,6.676567,275.130774,13081.02669,3.846706,66.284688,111.525844,1158.001596,17.260661,4.053196,8.343913,1.467329,46.414576,3.779147,3.964713,67.426013,8.225286,1.354464,34.839968,2.856458906,32.325561,1,15.251707
81,1.31479,1.359595,3.62851566,1.304498,0.968503,6.479283,23.986337,6.613788,109.876763,0.887233,0.69473,7.755124,6.673321,275.476888,13197.41815,3.854671,66.53651,111.738089,1160.544761,17.382309,4.057138,8.377961,1.476799,46.398722,3.777926,3.964866,68.070801,8.210274,1.359595,34.930352,2.867979771,32.363588,1,15.300151
82,1.315644,1.361042,3.614520157,1.309222,0.971013,6.49224,24.114342,6.648323,110.010435,0.891902,0.702729,7.75437,6.723154,278.80842,13175.99893,3.852479,66.679005,111.603639,1161.300392,17.452729,4.003032,8.425794,1.482875,46.309311,3.800571,3.987067,67.99233,8.233589,1.361042,34.930432,2.877274349,32.432215,1,15.336247
83,1.323069,1.367827,3.634410527,1.313759,0.975204,6.503267,24.203742,6.672814,109.992839,0.895175,0.707054,7.754722,6.750962,280.896965,13213.5619,3.843702,66.795721,112.801003,1164.24671,17.450721,3.999015,8.491899,1.492794,46.413034,3.810133,3.997404,67.897055,8.263808,1.367827,35.190225,2.874496464,32.529765,1,15.350013
84,1.332078,1.368836,3.704142012,1.328761,0.974987,6.514434,24.263941,6.683342,109.975973,0.896539,0.70771,7.759369,6.756141,281.728528,13252.50135,3.832975,66.863009,112.435001,1167.482517,17.668639,4.030482,8.511745,1.49229,46.410256,3.836113,4.004752,69.698135,8.309844,1.368836,35.329926,2.878787879,32.493276,1,15.497041
89,1.33116,1.367786,3.644363052,1.316866,0.975076,6.510005,24.185278,6.659728,109.472932,0.893336,0.700822,7.757281,6.722798,280.668215,13361.76523,3.83116,66.530552,113.56977,1167.294979,17.492317,3.994283,8.472307,1.482669,46.33643,3.796498,3.988297,68.549669,8.280329,1.367786,35.440415,2.868411649,32.580847,1,15.468644
90,1.303956,1.352084,3.644913458,1.302985,0.963705,6.478806,23.909396,6.581685,108.979424,0.88308,0.693924,7.754327,6.637937,277.543271,13249.84105,3.788326,66.386436,112.477923,1142.414341,17.244878,3.929883,8.327446,1.444366,45.969622,3.756446,3.940569,67.806605,8.161427,1.352084,35.229601,2.83821971,32.189156,1,14.935447
91,1.300571,1.344225,3.616512956,1.29451,0.960123,6.457093,23.760211,6.544752,108.45191,0.878349,0.695257,7.754238,6.610013,275.906895,13197.04875,3.772508,66.253667,112.340799,1137.35617,17.207115,3.871585,8.269214,1.441458,45.923584,3.739657,3.9278,67.022486,8.10303,1.344225,35.149758,2.821080369,32.138779,1,14.744488
92,1.301959,1.346134,3.612316305,1.302834,0.957488,6.464573,23.644157,6.517057,108.143457,0.874738,0.698828,7.754724,6.569717,274.055283,13127.6592,3.777292,66.351295,112.027642,1150.962211,17.406928,3.88226,8.25761,1.444892,46.024318,3.712386,3.909465,67.829776,8.083712,1.346134,35.090098,2.824090273,32.260322,1,14.761896
95,1.310808,1.350879,3.551845343,1.303339,0.95949,6.475923,23.766257,6.54297,108.324341,0.878735,0.700685,7.755185,6.600615,274.420035,13147.40773,3.785501,66.105009,111.572935,1149.551845,17.331019,3.894288,8.291652,1.459139,46.188049,3.720562,3.923374,67.797452,8.12768,1.350879,35.219684,2.807732865,32.334798,1,14.657293
96,1.327087,1.357438,3.641682062,1.316794,0.958212,6.474444,23.78464,6.54711,108.229964,0.87974,0.705199,7.756136,6.607724,275.024193,13227.57984,3.803114,66.458608,110.680039,1158.766605,17.591537,3.926718,8.357086,1.476203,46.268145,3.734319,3.928917,69.016187,8.14287,1.357438,35.280197,2.829682414,32.439518,1,14.972024
97,1.325776,1.356122,3.705010586,1.315455,0.960392,6.488179,23.843507,6.56422,108.257498,0.882145,0.712844,7.75644,6.624912,275.520466,13254.29605,3.819337,66.670783,110.382851,1162.976359,17.773906,3.939661,8.35921,1.473624,46.273818,3.761115,3.941867,68.636027,8.171136,1.356122,35.294637,2.853122795,32.472653,1,15.243913
98,1.328054,1.352429,3.66217881,1.311686,0.957761,6.470873,23.781239,6.548486,108.035375,0.879972,0.710384,7.758624,6.609029,274.797606,13159.99648,3.791535,66.625748,108.368532,1159.890883,17.755984,3.933914,8.319782,1.472281,46.268039,3.769183,3.929866,68.085093,8.146339,1.352429,35.219993,2.852956705,32.440162,1,15.238472
99,1.328082,1.349556,3.65695679,1.307841,0.956966,6.474523,23.780692,6.549239,108.14072,0.880049,0.710464,7.759043,6.596849,275.165009,13144.99692,3.78474,66.59949,108.56288,1153.242982,17.7865,3.910323,8.288568,1.474699,46.175306,3.780076,3.9325,67.360204,8.178122,1.349556,35.099886,2.85267975,32.421016,1,15.06838
102,1.322212,1.346883,3.568656716,1.298859,0.95496,6.471378,23.727831,6.534153,108.11396,0.877963,0.702897,7.754258,6.573749,273.985953,13130.81651,3.781826,66.466637,108.235294,1147.102722,17.728183,3.889991,8.236084,1.463477,46.138718,3.757068,3.9223,66.775593,8.148815,1.346883,35.079895,2.830553117,32.363477,1,14.74583
103,1.305897,1.347315,3.512987013,1.287645,0.954194,6.461214,23.718849,6.53159,108.146806,0.877501,0.700597,7.754563,6.571604,273.236223,13090.41769,3.766497,66.398736,108.318708,1143.278343,17.57178,3.88496,8.205949,1.451386,46.083714,3.766497,3.923131,66.353721,8.085118,1.347315,35.050018,2.832046332,32.326255,1,14.689014
104,1.307134,1.351124,3.513011152,1.280404,0.963622,6.476545,23.929899,6.587803,108.66171,0.885112,0.702673,7.75686,6.608249,275.030979,13159.11666,3.779164,66.603824,109.284829,1148.999823,17.546291,3.881395,8.241547,1.446008,46.083378,3.794388,3.956452,65.738007,8.121791,1.351124,35.060188,2.855284121,32.393344,1,14.723137
105,1.298436,1.363846,3.51813011,1.282794,0.966761,6.485069,24.020619,6.613491,108.857003,0.888731,0.707074,7.75711,6.649662,276.61749,13192.60576,3.789726,66.534661,109.393886,1154.043726,17.477337,3.887042,8.233203,1.457074,46.198009,3.820832,3.975116,65.981959,8.138998,1.363846,35.110203,2.861980092,32.380021,1,14.569677
106,1.298121,1.358561,3.490517547,1.288107,0.967653,6.475718,23.94984,6.594647,108.880007,0.886211,0.705202,7.756735,6.647022,275.203828,13171.45516,3.781904,66.592077,108.92414,1147.749025,17.5405,3.906859,8.245658,1.447536,46.128146,3.807781,3.963843,66.47687,8.144452,1.358561,35.079759,2.854661468,32.367955,1,14.571429
109,1.298868,1.35574,3.503095701,1.292411,0.965505,6.478065,23.900584,6.58208,108.812312,0.884486,0.705643,7.755882,6.638068,274.482576,13170.83849,3.776933,66.578808,108.190341,1149.495843,17.605077,3.927472,8.254467,1.441978,46.217053,3.808509,3.957987,67.892358,8.132673,1.35574,35.030073,2.852556165,32.357155,1,14.599416
110,1.282465,1.339769,3.56237327,1.271092,0.962885,6.468483,23.82174,6.561139,108.748303,0.881601,0.696244,7.755532,6.612448,273.745923,13099.00379,3.768492,66.552499,109.406683,1126.051309,17.274707,3.852596,8.161686,1.421758,46.098916,3.793265,3.950719,65.612448,8.090717,1.339769,34.899938,2.833112933,32.135238,1,14.284933
111,1.279199,1.339837,3.547060374,1.267335,0.961332,6.466122,23.746375,6.540997,108.743123,0.878812,0.69514,7.757448,6.59311,271.596801,13158.99464,3.758327,66.19826,109.148431,1129.308375,17.317866,3.862378,8.114597,1.4264,46.248352,3.767906,3.93945,65.600228,8.053695,1.339837,34.850163,2.813164601,32.173302,1,14.203621
112,1.276618,1.343197,3.526464113,1.263408,0.967768,6.475121,23.799207,6.553148,109.022457,0.880669,0.693025,7.75764,6.593571,273.623954,13125.0022,3.760898,66.278732,109.643329,1132.857772,17.28155,3.884192,8.103479,1.432144,46.518714,3.794364,3.94672,65.041391,8.088507,1.343197,35.00044,2.814795244,32.244826,1,14.178688
113,1.293616,1.350528,3.570807067,1.273373,0.97585,6.495516,24.01314,6.606854,109.236615,0.887863,0.695507,7.757081,6.650093,275.32629,13203.47154,3.764628,66.538666,110.858563,1143.043594,17.475184,3.901536,8.207671,1.452899,46.753085,3.862736,3.973453,65.924976,8.11338,1.350528,35.01021,2.831039687,32.324425,1,14.369706
116,1.295011,1.350763,3.566051136,1.268288,0.974165,6.493697,24.011896,6.606712,109.348189,0.887784,0.689276,7.756836,6.642223,276.367188,13196.32457,3.768377,66.600675,110.928622,1146.537642,17.581321,3.904652,8.232866,1.455877,46.882102,3.898349,3.977362,66.291992,8.129439,1.350763,35.066584,2.847478693,32.337536,1,14.483398
117,1.293524,1.35377,3.538850004,1.264818,0.974573,6.498184,23.945247,6.593249,109.249579,0.885975,0.68648,7.756268,6.625764,276.6014,13216.58545,3.763976,66.569771,111.145566,1151.005582,17.532471,3.923009,8.1756,1.454505,46.836183,3.880482,3.964472,66.354922,8.110658,1.35377,35.180296,2.830778772,32.310623,1,14.484983
118,1.316907,1.349288,3.523489339,1.258338,0.973016,6.494824,23.917544,6.5848,109.258869,0.884721,0.685437,7.756436,6.615323,276.139078,13195.99221,3.76378,66.46669,111.289038,1149.721313,17.391666,3.920906,8.140582,1.460143,46.866319,3.885517,3.949394,65.277979,8.105193,1.349288,35.129612,2.822967354,32.362205,1,14.466071
119,1.312379,1.344691,3.513558725,1.255679,0.966191,6.476668,23.81141,6.553266,109.120796,0.880437,0.685314,7.757616,6.585666,273.551682,13186.50291,3.759201,66.500264,108.152844,1140.640958,17.319334,3.89602,8.140518,1.433967,46.9352,3.863356,3.937577,64.729266,8.079151,1.344691,35.044902,2.814139813,32.260081,1,14.379996
120,1.310883,1.342717,3.484872402,1.252828,0.963255,6.484522,23.711304,6.528107,109.069982,0.876962,0.68425,7.758134,6.586863,273.813909,13185.00395,3.741647,66.384723,107.287556,1141.392616,17.15075,3.906516,8.081207,1.434447,46.920986,3.855564,3.92616,64.218714,8.040779,1.342717,34.919758,2.800491099,32.277471,1,14.168815
123,1.307317,1.340816,3.45697381,1.251892,0.957017,6.475072,23.534325,6.474724,108.873836,0.870095,0.680832,7.758636,6.537023,270.46028,13160.576,3.74628,66.404333,106.560515,1137.953537,17.125729,3.904551,8.033586,1.424171,47.044288,3.813887,3.89933,64.742104,7.987732,1.340816,34.869921,2.791264248,32.245715,1,14.184895
124,1.322759,1.346184,3.545682427,1.258449,0.948829,6.483966,23.370214,6.433054,108.52001,0.864379,0.68375,7.759443,6.491486,269.556574,13204.97018,3.74933,66.395367,105.912352,1144.221627,17.413778,3.953237,8.046504,1.432449,47.043824,3.789783,3.879246,66.513787,7.97865,1.346184,34.939926,2.828075028,32.24825,1,14.462443
125,1.336723,1.356367,3.571577575,1.275098,0.955498,6.500565,23.495002,6.467101,108.909865,0.869187,0.689126,7.761408,6.528466,271.690569,13316.00174,3.772881,66.589309,106.579748,1163.094307,17.781226,4.008692,8.119079,1.448848,47.242069,3.818861,3.904389,66.019991,8.051282,1.356367,35.095176,2.859017818,32.337245,1,14.782442
126,1.334557,1.357724,3.521461666,1.282018,0.963196,6.504939,23.62794,6.504152,109.175802,0.874202,0.689396,7.760731,6.56963,273.485445,13341.15744,3.77839,66.504502,107.098523,1166.142145,17.672436,4.005507,8.12877,1.449165,47.356412,3.866946,3.93697,65.61404,8.092928,1.357724,35.135064,2.899379316,32.370837,1,14.927092
127,1.356524,1.358712,3.557364138,1.287915,0.968758,6.502144,23.646626,6.51002,109.077011,0.87512,0.690032,7.760392,6.565153,274.507745,13369.00324,3.779732,66.632537,106.965958,1172.346198,17.956156,4.011989,8.183513,1.461626,47.154984,3.867857,3.938479,66.433447,8.117004,1.358712,35.170211,2.919663954,32.414457,1,14.96097
130,1.364107,1.366564,3.507766564,1.293813,0.969987,6.512242,23.71391,6.528565,109.380957,0.877578,0.693269,7.762615,6.563668,276.480913,13282.98377,3.781395,66.604651,108.284335,1173.63756,17.930671,4.024046,8.190434,1.469592,47.241773,3.873804,3.940763,65.985783,8.13778,1.366564,35.154892,2.935146994,32.493199,1,15.105485
131,1.361407,1.369407,3.485450549,1.296176,0.973978,6.516923,23.756484,6.540308,109.444659,0.879121,0.692396,7.762549,6.596396,276.483516,13308.41319,3.783912,66.675604,109.116484,1173.617582,18.13011,4.061187,8.221538,1.484308,46.704176,3.885802,3.945934,66.497055,8.156308,1.369407,35.22989,2.940659341,32.545934,1,15.227692
132,1.356298,1.368218,3.463669033,1.287229,0.972828,6.504689,23.68481,6.521956,109.335437,0.876501,0.692068,7.760715,6.592865,276.360768,13283.4166,3.764572,66.608379,108.76501,1168.191778,17.995705,4.034972,8.193093,1.469279,46.502761,3.877991,3.936804,65.760978,8.144447,1.368218,35.259883,2.962661057,32.540976,1,15.140415
133,1.364562,1.371499,3.461146721,1.281412,0.971376,6.518746,23.727281,6.533234,109.233471,0.87804,0.692668,7.759944,6.587936,276.503644,13285.74941,3.76091,66.668715,109.316007,1169.172008,17.901747,4.012995,8.106067,1.468434,46.549302,3.880323,3.951005,64.74932,8.160945,1.371499,35.355167,2.947493195,32.57617,1,14.990956
134,1.372841,1.370462,3.48598872,1.288245,0.971449,6.521061,23.811244,6.556045,109.416197,0.881213,0.694025,7.763218,6.610857,277.731759,13317.50088,3.773705,66.78049,108.882622,1172.814593,18.049965,4.029873,8.166902,1.47092,46.645224,3.871079,3.963253,65.271149,8.220391,1.370462,35.430032,2.964310892,32.629538,1,15.168488
137,1.37107,1.369746,3.532232427,1.2923,0.976598,6.522872,23.863476,6.568792,109.649417,0.88308,0.695867,7.763158,6.620011,278.611798,13307.7976,3.81314,66.843871,108.857294,1179.706817,18.206994,4.03029,8.157012,1.470947,46.495938,3.86065,3.962911,64.973419,8.24532,1.369746,35.379724,2.9812787,32.653656,1,15.569587
138,1.365701,1.369588,3.485686517,1.29272,0.978972,6.526506,23.875243,6.572363,109.665842,0.883548,0.690493,7.761884,6.620251,278.538611,13319.173,3.819579,66.821435,109.498145,1176.585969,18.313748,4.018466,8.177947,1.471196,46.457855,3.854126,3.96404,64.825941,8.262326,1.369588,35.490369,2.966513518,32.631207,1,15.600018
139,1.376097,1.377693,3.536749712,1.297721,0.982889,6.535508,23.957798,6.593936,109.803529,0.886603,0.686985,7.764429,6.638886,280.211012,13388.99725,3.836954,66.979342,109.38913,1188.323433,18.430978,4.051512,8.22635,1.477613,46.656618,3.890859,3.988829,65.414398,8.291959,1.377693,35.610426,2.984218459,32.770636,1,15.884032
140,1.389926,1.379834,3.585424667,1.310976,0.990355,6.548004,24.134143,6.6416,110.196303,0.893096,0.683978,7.766991,6.688399,282.772171,13615.39698,3.858891,67.466107,110.002679,1190.944003,18.467357,4.091096,8.358757,1.48379,46.840225,3.923194,4.022774,66.567473,8.369117,1.379834,35.699741,2.994284183,32.761454,1,15.848263
141,1.383278,1.381496,3.547285854,1.310634,0.991443,6.547464,24.0886,6.628933,110.229789,0.891345,0.686407,7.76727,6.673055,282.360282,13625.05571,3.879401,67.472591,110.357429,1187.28942,18.40993,4.081023,8.321152,1.477672,46.775114,3.940012,4.016222,66.774133,8.34192,1.381496,35.729566,2.983866655,32.714146,1,15.747304
144,1.385823,1.380116,3.551671868,1.314757,0.990192,6.554347,24.104325,6.631387,110.214534,0.891663,0.690531,7.766741,6.677664,282.701739,13582.49666,3.875078,67.522336,109.407044,1185.71556,18.370129,4.085243,8.351137,1.474632,46.795363,3.956041,4.031208,67.077753,8.331699,1.380116,35.660276,2.986625056,32.656264,1,15.619527
145,1.39658,1.382969,3.549337393,1.314828,0.992031,6.556769,24.198603,6.658757,110.353331,0.895415,0.685109,7.767102,6.711139,282.951289,13680.3904,3.861837,67.673711,109.74212,1190.293696,18.432307,4.11524,8.359151,1.486748,46.800681,3.971884,4.036802,66.642371,8.332736,1.382969,35.739613,2.958005014,32.692514,1,15.62509
146,1.38839,1.379149,3.560111251,1.310605,0.991297,6.561636,24.249058,6.672259,110.521891,0.897183,0.681186,7.763682,6.726,281.975597,13640.49883,3.853311,67.378432,110.165082,1181.733357,18.394222,4.101113,8.338866,1.479275,46.751301,3.965997,4.045487,65.706262,8.312489,1.379149,35.679167,2.95029607,32.584784,1,15.678181
147,1.386193,1.377239,3.582020057,1.293249,0.991673,6.557754,24.196812,6.658936,110.350018,0.895415,0.680247,7.765938,6.711229,281.50967,13603.50107,3.83587,67.080498,110.073424,1180.041189,18.368463,4.06832,8.279907,1.485584,46.678904,3.949499,4.035638,65.134312,8.315723,1.377239,35.599928,2.931948424,32.477615,1,15.595004
148,1.386372,1.375358,3.609419771,1.303725,0.991046,6.561694,24.201289,6.658936,110.365419,0.895415,0.68271,7.766386,6.70711,281.348496,13572.03618,3.844735,67.03707,109.652579,1179.244269,18.500269,4.078976,8.311246,1.485136,46.647564,3.931948,4.032414,66.038324,8.298084,1.375358,35.683202,2.948424069,32.504477,1,15.625358
151,1.391866,1.381093,3.604273274,1.303887,0.992728,6.58174,24.258012,6.676452,110.473651,0.897747,0.68341,7.76883,6.719454,281.721878,13645.00404,3.846575,67.13933,111.185923,1190.941736,18.472843,4.117515,8.351288,1.492414,46.730407,3.944699,4.042823,65.889757,8.333782,1.381093,35.730317,2.956459287,32.615136,1,15.770985
152,1.377622,1.377712,3.572709342,1.302672,0.990138,6.577282,24.226287,6.668101,110.385243,0.896539,0.683029,7.767617,6.714632,281.611978,13609.83504,3.851623,67.196521,111.018469,1188.909808,18.395643,4.118702,8.355747,1.480724,46.753631,3.93267,4.04411,65.922539,8.329747,1.377712,35.659853,2.952035144,32.592792,1,15.76681
153,1.375515,1.375962,3.598621801,1.305352,0.98935,6.577591,24.187399,6.656972,110.393771,0.894935,0.692304,7.769644,6.72257,281.107929,13668.99946,3.851978,67.458386,109.244675,1191.632361,18.483175,4.153302,8.33032,1.465277,46.635046,3.935744,4.043136,66.923752,8.304636,1.375962,35.659567,2.947735815,32.589941,1,15.695722
154,1.386843,1.376385,3.596263854,1.310511,0.988738,6.581963,24.15892,6.648463,110.36128,0.893815,0.691232,7.770111,6.701376,279.781909,13647.49732,3.852789,67.301573,109.009653,1188.192706,18.571595,4.155792,8.344655,1.472471,46.574008,3.924115,4.040043,67.07365,8.307562,1.376385,35.59975,2.947175545,32.606364,1,15.592957
155,1.380402,1.376278,3.583736776,1.30841,0.990676,6.586695,24.228976,6.668639,110.384974,0.896539,0.69289,7.771472,6.72028,280.114757,13579.00305,3.876547,67.250314,108.902636,1185.592613,18.720011,4.147481,8.324637,1.460194,46.459566,3.932311,4.051282,67.158687,8.302403,1.376278,35.609647,2.949793796,32.612516,1,15.579882
158,1.358446,1.359062,3.518724117,1.292184,0.973742,6.566217,23.810908,6.553617,109.758393,0.881135,0.693629,7.767557,6.61512,274.429465,13359.99648,3.833113,66.965812,107.128381,1165.741475,18.558992,4.09481,8.188827,1.443123,46.169707,3.857256,3.982025,65.37739,8.146973,1.359062,35.270068,2.908978765,32.284783,1,14.985021
159,1.34473,1.353719,3.506168488,1.278199,0.967483,6.571995,23.811244,6.553049,109.708583,0.881213,0.686288,7.767448,6.620374,273.598872,13247.00388,3.820585,66.743479,107.648925,1155.868876,18.568206,4.057984,8.126983,1.438139,46.02485,3.832041,3.971889,64.956027,8.128128,1.353719,35.23969,2.898924921,32.194219,1,14.865615
160,1.338372,1.347952,3.408859202,1.268237,0.96168,6.567674,23.748462,6.535771,109.574442,0.878889,0.685955,7.76393,6.616716,272.534716,13206.00281,3.825892,66.55036,107.022324,1152.557567,18.177184,4.026279,8.090613,1.426085,45.898225,3.799262,3.960626,63.759712,8.110652,1.347952,35.15029,2.882668307,32.129548,1,14.731236
161,1.344442,1.352023,3.383408269,1.274707,0.962356,6.559552,23.82174,6.555761,109.642863,0.881601,0.69151,7.762232,6.643745,274.565812,13288.75959,3.844662,66.730583,106.426871,1160.680596,18.228511,4.047518,8.153839,1.404919,46.008992,3.819184,3.97558,64.199947,8.148902,1.352023,35.219959,2.896059244,32.270123,1,14.825002
162,1.351203,1.354122,3.420205237,1.27477,0.962933,6.559006,23.908351,6.577849,109.889774,0.884643,0.694268,7.761677,6.669321,275.468861,13295.62102,3.851026,66.808209,106.85598,1164.313517,18.403485,4.068029,8.202849,1.411005,45.981953,3.856246,3.993984,64.704529,8.247788,1.354122,35.199929,2.918789809,32.292109,1,15.090587
165,1.351438,1.355343,3.439829606,1.277068,0.966276,6.586084,23.992723,6.598864,109.953408,0.887469,0.705671,7.762691,6.683085,277.218672,13321.92048,3.870163,67.103745,106.061413,1173.793042,18.696486,4.091942,8.276979,1.415424,46.15016,3.894569,4.009407,65.696131,8.276979,1.355343,35.205005,2.923233937,32.387291,1,15.175719
166,1.36098,1.356704,3.498708241,1.287216,0.964989,6.593764,24.096214,6.624321,110.149933,0.890869,0.708045,7.760624,6.70245,279.697105,13355.902,3.866815,67.309577,105.995546,1179.741648,18.990824,4.105657,8.34343,1.42735,46.312695,3.949399,4.029844,66.235011,8.30147,1.356704,35.273942,2.929710468,32.425835,1,15.355724
167,1.352449,1.354853,3.46794301,1.285663,0.963224,6.581033,24.107747,6.621193,110.159662,0.890472,0.70488,7.761532,6.703295,279.483526,13366.54497,3.876313,67.112199,106.224399,1171.932324,18.877382,4.10098,8.318344,1.42244,46.333037,3.928673,4.039003,65.662511,8.329475,1.354853,35.26447,2.930097952,32.35797,1,15.228495
168,1.361375,1.352783,3.485144084,1.30034,0.967603,6.586093,24.223197,6.654287,110.292286,0.894935,0.707294,7.760426,6.733488,282.038661,13397.90585,3.868624,67.299982,104.394129,1177.546089,18.958744,4.106408,8.394308,1.422857,46.446214,3.981564,4.062108,65.859585,8.404779,1.352783,35.309647,2.935743691,32.400215,1,15.414355
169,1.353652,1.349476,3.460280789,1.290119,0.961258,6.590634,24.052781,6.607606,110.027101,0.888573,0.699929,7.760618,6.682957,279.242936,13325.51093,3.87169,67.085036,104.26515,1171.334637,18.879598,4.101031,8.380132,1.418074,46.435045,3.950862,4.030123,65.120579,8.336147,1.349476,35.2799,2.931224454,32.362715,1,15.213968
172,1.340275,1.34354,3.37857395,1.281327,0.960466,6.579774,23.881927,6.56186,109.72132,0.882457,0.682801,7.759972,6.63431,276.138369,13258.25097,3.850335,67.35616,104.632898,1158.039181,18.610484,4.054183,8.257589,1.406283,46.270738,3.876191,4.005736,63.910254,8.236675,1.34354,35.189728,2.896311331,32.267031,1,14.820067
173,1.332243,1.340728,3.367509281,1.277267,0.958989,6.581757,23.920806,6.572211,109.649284,0.883861,0.678407,7.758352,6.645307,277.60297,13262.49779,3.859555,67.570532,104.640269,1152.59855,18.564345,4.027135,8.283366,1.396853,46.29574,3.888192,4.013435,64.313063,8.241117,1.340728,35.210359,2.898267633,32.162807,1,14.675977
174,1.332358,1.33936,3.39953913,1.276168,0.959851,6.578658,23.992732,6.592573,109.840468,0.886289,0.680608,7.757157,6.664894,278.667021,13284.00248,3.852787,67.495613,104.590978,1150.066472,18.616325,4.026411,8.291678,1.39431,46.471683,3.880617,4.011345,64.048569,8.283967,1.33936,35.199858,2.902596827,32.150137,1,14.692015
175,1.322329,1.339187,3.351655106,1.274651,0.954957,6.579594,23.761524,6.532268,109.491878,0.87804,0.672535,7.757573,6.60374,275.950479,13137.03574,3.824041,67.30266,105.698481,1145.377118,18.290017,3.992361,8.165159,1.384055,46.429888,3.825709,3.961191,64.057248,8.168408,1.339187,35.210291,2.870489068,32.044078,1,14.45702
176,1.34737,1.353063,3.439634918,1.30056,0.976685,6.623983,24.492138,6.720676,110.553136,0.903669,0.729713,7.761341,6.800108,287.276342,13408.59389,3.895988,68.004699,102.322429,1171.959154,18.869601,4.112688,8.512561,1.410898,46.942888,4.025845,4.097687,65.631845,8.549611,1.353063,35.319899,2.933038135,32.387493,1,15.120007
179,1.350882,1.359793,3.403346063,1.304783,0.976177,6.64739,24.687216,6.762139,110.8006,0.909256,0.75832,7.758229,6.837152,289.46172,13396.52664,3.898254,67.954628,101.654846,1184.679033,19.062011,4.105019,8.5511,1.415621,47.266776,4.05701,4.106201,65.277505,8.551555,1.359793,35.314603,2.944717221,32.575923,1,15.325605
180,1.353201,1.355188,3.357987898,1.303892,0.979409,6.64734,24.48117,6.717782,110.652488,0.903098,0.747042,7.759866,6.786779,286.887022,13181.18848,3.880791,67.919263,102.411271,1168.779915,18.949427,4.070893,8.469701,1.415244,47.096541,4.010927,4.086246,64.741533,8.527499,1.355188,35.276799,2.908064662,32.427526,1,15.247088
181,1.344545,1.348151,3.265644725,1.299098,0.97872,6.643823,24.449053,6.706583,110.596303,0.901713,0.744364,7.758431,6.787466,285.798016,13144.49955,3.858702,67.600812,102.660054,1157.033363,18.695311,4.0211,8.391794,1.403517,46.984671,3.991073,4.080523,64.062399,8.504148,1.348151,35.192065,2.899639315,32.308386,1,14.969883
182,1.344713,1.347235,3.233471447,1.295622,0.978833,6.643398,24.437939,6.700865,110.433706,0.900739,0.74446,7.758512,6.78085,285.588182,13152.3149,3.851648,67.519636,102.729238,1151.576293,18.586471,3.990362,8.37759,1.406593,47.055485,3.995857,4.074401,64.420825,8.488741,1.347235,35.135111,2.88776797,32.191497,1,14.813637
183,1.336686,1.343422,3.218410418,1.292322,0.973058,6.65568,24.331388,6.679838,110.328693,0.898069,0.752851,7.758689,6.756623,284.256848,13110.00449,3.843287,67.328065,102.640323,1145.7207,18.124293,3.985272,8.349798,1.392726,46.999551,3.948451,4.055411,64.040144,8.432869,1.343422,35.054333,2.880736417,32.160036,1,14.574495
186,1.328066,1.345753,3.243939666,1.286407,0.973155,6.664482,24.32663,6.680733,110.147333,0.897827,0.753322,7.758844,6.749865,284.548393,13096.32789,3.853115,67.253098,102.612677,1148.168432,18.337314,3.99165,8.308314,1.387323,46.845035,3.977734,4.052164,63.75606,8.431496,1.345753,35.040402,2.89854552,32.205962,1,14.492368
187,1.336982,1.349363,3.288623722,1.293558,0.972277,6.673156,24.287637,6.674951,110.193433,0.897183,0.762579,7.758299,6.731114,283.80585,13128.68294,3.868742,67.4712,101.830253,1157.258209,18.667594,4.028082,8.361475,1.392607,46.999821,3.988606,4.053921,64.245021,8.463036,1.349363,35.136372,2.920330163,32.338956,1,14.75148
188,1.338152,1.352335,3.323425784,1.302647,0.977595,6.686964,24.462914,6.722468,110.553799,0.903424,0.770621,7.759057,6.767007,286.024031,13205.99874,3.895022,67.420996,100.713705,1164.603849,18.883729,4.049869,8.44855,1.405366,47.116271,4.025838,4.082121,64.700063,8.552805,1.352335,35.190171,2.947691752,32.400398,1,14.889782
189,1.330054,1.347834,3.329783394,1.293141,0.976534,6.682671,24.412455,6.715794,110.408935,0.902527,0.767915,7.758664,6.755957,284.765343,13180,3.881408,67.422744,100.99278,1155.803249,18.70704,4.02852,8.464079,1.384296,47.073105,3.995939,4.074368,64.014982,8.555235,1.347834,35.179603,2.93032491,32.305054,1,14.660018
190,1.330714,1.346251,3.337127371,1.301355,0.980578,6.685727,24.420054,6.721951,110.553839,0.903342,0.770036,7.75664,6.760795,283.721771,13193.49594,3.885366,67.31093,100.424571,1157.100271,18.785547,4.023035,8.485095,1.374977,47.201445,3.999819,4.076965,64.09738,8.553297,1.346251,35.265583,2.927009937,32.319783,1,14.696206
193,1.322925,1.349443,3.317132772,1.306634,0.983528,6.690741,24.470088,6.731107,110.720699,0.905059,0.770178,7.759164,6.766676,283.346909,13102.49796,3.883881,67.14318,102.479862,1148.321115,18.443298,3.992216,8.513078,1.380215,47.342746,4.001267,4.067155,64.246719,8.576342,1.349443,35.131686,2.89863336,32.21468,1,14.442302
194,1.310133,1.346827,3.282906599,1.302921,0.983051,6.684818,24.372521,6.705554,110.556798,0.901551,0.759782,7.757934,6.755139,283.032816,13122.50271,3.873242,67.095204,103.939776,1146.141363,18.289488,3.963577,8.429409,1.368915,47.362063,3.982239,4.051749,63.84277,8.516949,1.346827,35.170393,2.887486477,32.130364,1,14.303732
195,1.311145,1.346008,3.298139451,1.305275,0.985278,6.69048,24.415643,6.717666,110.61931,0.903179,0.753233,7.757587,6.767702,283.047327,13045.50217,3.868497,67.029895,104.606214,1143.04552,18.316474,3.94319,8.412663,1.368678,47.129697,3.978956,4.056539,63.80112,8.523121,1.346008,35.179733,2.894418353,32.146857,1,14.333002
196,1.30752,1.342476,3.23034866,1.292641,0.976965,6.684324,24.243972,6.666487,110.311374,0.896298,0.746715,7.756386,6.732634,281.114995,13052.00323,3.847181,66.858475,105.655642,1131.352514,18.241642,3.927221,8.357713,1.386932,46.998297,3.95402,4.024648,63.160975,8.462221,1.342476,35.058708,2.888141974,31.936004,1,14.211975
197,1.306434,1.344446,3.255930985,1.286574,0.979421,6.681794,24.299065,6.683591,110.419123,0.898634,0.748338,7.753684,6.741822,283.024802,13087.5,3.847771,67.024623,105.706326,1132.332854,18.369608,3.947879,8.373742,1.395938,46.68404,3.962886,4.02606,63.237868,8.497124,1.344446,34.955068,2.88686197,31.877247,1,14.348311
200,1.317018,1.34805,3.253686782,1.295123,0.983353,6.703067,24.449471,6.730028,110.706324,0.904732,0.754293,7.754727,6.781598,284.999548,13090.50032,3.858681,67.199674,105.690763,1137.790645,18.488012,3.978196,8.470732,1.40731,46.729395,3.963177,4.042884,63.072921,8.56591,1.34805,34.965168,2.956663349,31.9886,1,14.266263
201,1.334572,1.352152,3.269415496,1.301676,0.985682,6.694608,24.48029,6.741187,110.780063,0.906208,0.760761,7.755777,6.787947,285.210693,13088.50023,3.858813,67.134028,106.207522,1139.646579,18.459991,4.00589,8.472043,1.421296,46.882646,3.962755,4.057272,63.006072,8.601903,1.352152,34.993203,2.979429089,32.021749,1,14.32696
202,1.335876,1.358576,3.247162444,1.305911,0.988105,6.674022,24.536457,6.7542,110.757832,0.908018,0.759148,7.754926,6.796967,286.071007,13106.17452,3.858258,67.204486,106.537728,1141.432852,18.494779,4.036684,8.494688,1.421774,47.14156,3.973304,4.062562,63.368474,8.597476,1.358576,35.034051,3.038499955,32.060292,1,14.282757
203,1.335452,1.355515,3.250476623,1.305129,0.987018,6.673173,24.534725,6.753518,110.742351,0.907853,0.75892,7.755424,6.794825,285.61961,13117.00409,3.855016,67.21498,106.264185,1138.066273,18.649841,4.072628,8.492147,1.433409,47.185656,3.966591,4.056832,63.903495,8.600635,1.355515,35.01044,3.072265093,31.993645,1,14.292601
204,1.336208,1.355911,3.281096786,1.310695,0.986018,6.673325,24.535137,6.754131,110.770111,0.907935,0.763646,7.755584,6.797076,284.492464,13115.53477,3.834393,67.076721,106.101326,1135.999637,18.604776,4.058108,8.520701,1.429817,47.063737,3.954422,4.050209,64.53659,8.623479,1.355911,34.921918,3.047031051,31.992918,1,14.247322
207,1.335458,1.360772,3.256055363,1.317155,0.986979,6.679658,24.60845,6.774085,110.639774,0.910581,0.761883,7.757239,6.815972,284.684028,13136.49609,3.845292,67.348753,106.210162,1138.645056,18.581224,4.069568,8.568749,1.430432,47.123475,3.96813,4.050264,64.892643,8.656893,1.360772,35.040976,3.030140229,32.174467,1,14.273812
208,1.327544,1.357188,3.280894789,1.323361,0.988451,6.670637,24.571247,6.764845,110.810585,0.909339,0.761208,7.756752,6.806856,284.768573,13175.22961,3.842866,67.329272,104.273893,1135.964354,18.799127,4.064108,8.581431,1.415022,47.153769,3.967355,4.060835,66.283532,8.649995,1.357188,35.004092,3.047012822,32.083295,1,14.428662
209,1.338823,1.35802,3.280502229,1.318988,0.994268,6.670094,24.597398,6.768447,110.835684,0.909835,0.763124,7.756619,6.811027,285.287963,13144.53644,3.840688,67.209535,105.750159,1134.719316,18.821399,4.084524,8.587663,1.422164,47.194978,3.978983,4.063325,66.005186,8.677099,1.35802,34.984078,3.040851606,32.068056,1,14.291784
210,1.328674,1.350496,3.273760144,1.31605,0.982146,6.65807,24.386835,6.708566,110.441569,0.901713,0.759423,7.756718,6.749775,281.469793,13102.49775,3.821731,67.046258,104.724977,1128.196573,18.820198,4.059333,8.512624,1.410821,47.107304,3.934716,4.020289,66.433454,8.611091,1.350496,34.874662,3.019927863,31.946799,1,14.244184
211,1.330154,1.35112,3.282461981,1.317646,0.973904,6.650589,24.323765,6.692522,110.349681,0.899847,0.759471,7.757581,6.737605,280.923243,13101.50275,3.82381,66.954918,103.329434,1121.956267,18.922703,4.067309,8.556825,1.405111,47.179879,3.926033,4.018267,67.028075,8.609106,1.35112,34.834878,3.016557185,31.915774,1,14.154684
214,1.321301,1.340559,3.256986743,1.306611,0.968022,6.640631,24.210856,6.663293,110.036546,0.895736,0.757255,7.759137,6.705034,278.582945,13032.56001,3.808044,66.700107,102.364744,1107.318166,18.748298,4.026693,8.460677,1.392422,47.002866,3.897349,3.989609,66.171265,8.58411,1.340559,34.759943,2.993908993,31.507524,1,13.894751
215,1.31484,1.338873,3.265344412,1.305101,0.965782,6.632091,24.150809,6.646118,109.820423,0.893416,0.753239,7.760475,6.694095,277.941571,13068.49817,3.815242,66.714018,101.599214,1106.959707,18.855535,4.037077,8.430537,1.384526,47.016886,3.863218,3.979451,66.568212,8.535424,1.338873,34.760118,2.994014116,31.594747,1,13.97016
216,1.316964,1.341071,3.268392857,1.31,0.968304,6.628036,24.1375,6.641696,109.792857,0.892857,0.749196,7.75875,6.693125,277.678571,13159.5,3.822411,66.895,101.089286,1117.267857,18.910446,4.054732,8.413929,1.390804,47.086607,3.850893,3.977679,66.55875,8.495179,1.341071,34.934821,3.012678571,31.701786,1,13.980446
217,1.311422,1.342672,3.223239943,1.305316,0.972881,6.641613,24.269935,6.679508,109.997575,0.897989,0.759725,7.757184,6.719379,279.436063,13155.0018,3.826509,66.876796,101.167385,1115.193966,18.83028,4.046067,8.451688,1.389996,47.069864,3.855963,4.005478,66.246588,8.54032,1.342672,34.919181,3.022988506,31.679239,1,13.739045
218,1.305755,1.340355,3.182233776,1.302349,0.97275,6.643062,24.221943,6.666637,109.938777,0.896379,0.760219,7.755558,6.708767,278.43313,13103.00287,3.821531,66.772947,101.048763,1109.474722,18.849229,4.02716,8.427931,1.386967,46.880602,3.840176,3.999821,65.253406,8.519451,1.340355,34.822517,3.000268914,31.479025,1,13.673001
221,1.309642,1.347885,3.178407144,1.314422,0.9816,6.660774,24.377199,6.707676,110.113376,0.901957,0.766258,7.756742,6.74655,280.526743,13126.00343,3.827456,66.835032,102.453324,1108.848201,18.620276,4.031208,8.484261,1.402363,46.905385,3.859114,4.021286,64.768648,8.591143,1.347885,34.989627,2.983854965,31.478308,1,13.64517
222,1.305561,1.347806,3.163477162,1.314949,0.983842,6.661672,24.397003,6.713035,110.281278,0.90269,0.770888,7.758621,6.757086,280.1679,13131.91009,3.820094,66.888428,102.247698,1105.488355,18.506499,4.032136,8.44647,1.401155,46.88933,3.851688,4.025817,64.79545,8.564272,1.347806,34.967503,2.980231089,31.394656,1,13.54685
223,1.292024,1.33834,3.121512876,1.301592,0.976663,6.631706,24.163984,6.65093,109.737214,0.894134,0.764852,7.756438,6.69054,277.548283,13078.99678,3.808745,66.640737,101.117668,1094.000358,18.322335,3.989986,8.277092,1.378577,46.61123,3.816524,3.986499,64.451538,8.477378,1.33834,34.745172,2.95332618,31.01216,1,13.276288
224,1.296512,1.343943,3.15215637,1.305389,0.973639,6.637766,24.226665,6.669596,109.813413,0.89662,0.771434,7.756299,6.720344,278.185242,13100,3.812427,66.848202,101.362862,1100.125527,18.427957,4.005738,8.275173,1.379898,46.700439,3.819959,3.999014,64.886129,8.456021,1.343943,34.740429,2.963328252,31.325204,1,13.366807
225,1.302653,1.346388,3.162484316,1.297544,0.975802,6.647517,24.214017,6.667682,109.811436,0.896218,0.771196,7.756856,6.714106,277.845492,13105.9957,3.813676,66.864044,101.962717,1106.103244,18.272181,4.025363,8.212493,1.388869,46.570174,3.823087,3.996236,64.724323,8.451246,1.346388,34.7867,2.957340025,31.444703,1,13.506005
228,1.303846,1.343918,3.172003578,1.292129,0.974329,6.63712,24.170841,6.655188,109.732826,0.894454,0.775286,7.757156,6.701699,276.824687,13096.00179,3.809034,66.88542,101.046512,1099.338104,18.137209,4.003309,8.206798,1.386225,46.381932,3.818873,3.98873,64.299553,8.461628,1.343918,34.616279,2.952325581,31.346154,1,13.358318
229,1.292784,1.336344,3.164320496,1.281718,0.960514,6.61992,23.922089,6.58672,108.942629,0.885347,0.770784,7.755998,6.625055,274.378043,13081.00044,3.77707,66.764143,99.814077,1091.111111,17.953519,3.972289,8.154139,1.371226,46.163789,3.78008,3.947145,63.749712,8.369367,1.336344,34.557769,2.92563081,31.225321,1,13.23807
230,1.310748,1.344448,3.213728272,1.288489,0.963374,6.635775,23.965059,6.599237,108.931802,0.886839,0.768358,7.756031,6.629922,275.478893,13150,3.793012,66.867595,100.682866,1111.165307,18.15165,4.006031,8.230933,1.383115,46.426038,3.805161,3.968872,64.031483,8.420628,1.344448,34.678964,2.934196524,31.468606,1,13.454062
231,1.304302,1.342108,3.222683509,1.282926,0.958661,6.630686,23.870683,6.573359,108.753025,0.883314,0.760295,7.754085,6.609487,274.198392,13136.00389,3.779436,66.807879,100.344493,1110.387775,18.15564,3.999735,8.160852,1.376027,46.265348,3.791626,3.947266,64.094338,8.370197,1.342108,34.604717,2.933044784,31.476901,1,13.358096
232,1.313526,1.34796,3.23671199,1.28439,0.958149,6.65204,23.858379,6.570457,108.728766,0.882924,0.764056,7.753929,6.608776,273.953735,13192.00071,3.767968,67.177291,100.23839,1120.563306,18.324475,4.020307,8.215434,1.377892,46.379128,3.795868,3.942963,64.091206,8.38213,1.34796,34.64683,2.936782624,31.659015,1,13.510419
235,1.313993,1.351141,3.214134088,1.291527,0.962852,6.650893,23.902353,6.582434,108.836635,0.884486,0.762781,7.753051,6.623917,274.323368,13228.00283,3.778967,67.213869,100.592606,1123.509641,18.300106,4.03308,8.250575,1.380241,46.560234,3.804971,3.943304,64.466213,8.38714,1.351141,34.666549,2.942331505,31.80789,1,13.587918
236,1.307258,1.349061,3.187759062,1.289796,0.960931,6.640885,23.831908,6.563454,108.690713,0.881912,0.7584,7.753241,6.60217,273.824852,13220.99832,3.768763,67.069054,100.079372,1116.218361,18.242173,4.025487,8.190758,1.365376,46.419437,3.803334,3.930505,64.555516,8.349325,1.349061,34.599171,2.932092777,31.772643,1,13.474998
237,1.311857,1.354011,3.235977991,1.294018,0.966542,6.657171,23.981186,6.605609,108.94196,0.887469,0.755502,7.753816,6.648917,275.106496,13285.00178,3.772275,67.116436,100.239617,1122.612709,18.54322,4.041267,8.205538,1.366702,46.499823,3.819578,3.957845,64.83502,8.390575,1.354011,34.622826,2.954384097,31.7918,1,14.14448
238,1.314438,1.353144,3.220992028,1.292914,0.965899,6.655979,23.937998,6.593534,108.960939,0.88574,0.757927,7.754916,6.635607,274.402126,13263.00266,3.762799,67.048184,100.487157,1116.324181,18.457485,4.027812,8.217095,1.368733,46.36581,3.819575,3.943844,64.853853,8.410629,1.353144,34.572188,2.942338353,31.690877,1,14.130027
239,1.308326,1.352436,3.227723649,1.288397,0.968379,6.671213,23.936227,6.595394,108.970505,0.88574,0.756864,7.755093,6.63357,273.250664,13202.83437,3.759433,67.003543,100.380868,1114.278122,18.352259,4.01674,8.19318,1.365633,46.315323,3.830292,3.94845,64.782285,8.405934,1.352436,34.547387,2.937112489,31.695306,1,14.049779
242,1.324082,1.361862,3.286481647,1.301343,0.979141,6.67932,24.19248,6.665264,109.46607,0.895255,0.765228,7.756222,6.701164,276.418979,13267.0009,3.78863,67.174127,102.273948,1123.276634,18.589346,4.045031,8.301791,1.382095,46.400179,3.877708,3.990689,65.057744,8.499552,1.361862,34.598926,2.958639212,31.751119,1,14.529991
243,1.324051,1.360673,3.222689828,1.303904,0.980569,6.676665,24.198603,6.666189,109.483256,0.895415,0.762625,7.757074,6.701827,276.656519,13264.99821,3.782324,67.040025,102.319126,1114.317693,18.583632,4.047726,8.315992,1.381357,46.379835,3.889327,3.985047,64.878582,8.507163,1.360673,34.570201,2.952811605,31.685172,1,14.374731
244,1.33004,1.363726,3.235357528,1.310007,0.98428,6.67544,24.277758,6.68631,109.610043,0.898311,0.761822,7.757546,6.71802,278.78189,13283.00395,3.793478,66.974668,103.314768,1117.193676,18.812792,4.089023,8.333184,1.379177,46.689723,3.910618,4.004222,65.273446,8.548239,1.363726,34.628997,2.95822853,31.750808,1,14.528476
245,1.32792,1.363538,3.232190921,1.312937,0.984927,6.679706,24.246366,6.676655,109.606675,0.897183,0.754082,7.757312,6.711645,278.171541,13282.59465,3.773461,66.959447,103.705365,1121.792571,18.800467,4.097883,8.348286,1.377804,46.743226,3.915755,3.997667,65.3438,8.567199,1.363538,34.64023,2.960972546,31.771039,1,14.670016
246,1.323148,1.357634,3.265344412,1.308228,0.979094,6.678728,24.141874,6.64728,109.324935,0.893416,0.752792,7.756187,6.683016,277.074958,13247.00259,3.764406,66.793532,103.484321,1115.795587,18.774681,4.086483,8.323952,1.369517,46.674707,3.923345,3.977933,65.752077,8.575449,1.357634,34.610024,2.959438935,31.656392,1,14.523988
249,1.317318,1.356669,3.250089638,1.294012,0.979294,6.677662,24.221047,6.669684,109.365812,0.896379,0.749758,7.755199,6.723736,277.276802,13139.50341,3.769989,66.457512,103.298673,1106.453926,18.509053,4.076013,8.287738,1.367157,46.528326,3.902922,3.988437,64.899964,8.558444,1.356669,34.699713,2.946575834,31.487092,1,14.352456
250,1.310601,1.355856,3.265973654,1.290886,0.978851,6.678466,24.214535,6.668608,109.488037,0.896138,0.748589,7.755444,6.715835,277.623443,13116.99973,3.764226,66.491173,103.405323,1105.618783,18.523344,4.081459,8.254593,1.362577,46.588404,3.888162,3.988978,64.826597,8.545569,1.355856,34.659916,2.94121337,31.398871,1,14.204947
251,1.302572,1.346,3.198718519,1.285396,0.969209,6.663344,24.046454,6.624633,109.199697,0.889917,0.747246,7.755184,6.662365,274.672955,13059.99822,3.759722,66.357124,101.655246,1090.095221,18.35214,4.057489,8.182166,1.339681,46.700187,3.843197,3.962357,64.502358,8.45982,1.346,34.630239,2.931298389,31.233425,1,14.027498
252,1.295326,1.345698,3.185375354,1.287712,0.966448,6.662093,23.920857,6.58897,108.816572,0.885269,0.748584,7.756285,6.626239,272.716006,13031.42705,3.749203,66.380135,101.628895,1089.651204,18.337907,4.042493,8.14005,1.341891,46.870574,3.815775,3.940687,63.871105,8.405188,1.345698,34.720255,2.937234419,31.252656,1,13.903771
253,1.316649,1.356053,3.243876464,1.295705,0.973465,6.680511,23.981186,6.605254,108.966187,0.887469,0.750426,7.755857,6.64164,273.881789,13131.56727,3.753372,66.740327,102.813277,1104.171104,18.802716,4.091232,8.206425,1.357739,47.334931,3.846734,3.948793,64.383653,8.43273,1.356053,34.78967,2.967696131,31.553071,1,14.324104
256,1.329948,1.360859,3.28977374,1.31142,0.974078,6.680474,24.072688,6.630501,109.218867,0.890789,0.752494,7.757973,6.668448,276.126848,13099.50116,3.770889,66.907625,101.888473,1115.562088,19.098076,4.13059,8.258774,1.367361,47.553002,3.874399,3.963923,65.060841,8.514787,1.360859,34.869945,2.981738821,31.704971,1,14.480937
257,1.328176,1.361963,3.272783853,1.310927,0.97137,6.680715,24.025073,6.618387,109.194541,0.889126,0.75365,7.75798,6.65982,275.451231,13186.00516,3.770605,66.895172,102.231706,1123.348448,19.009514,4.1235,8.207967,1.364986,47.714946,3.865742,3.953054,64.746155,8.480484,1.361963,34.909754,2.979016627,31.745354,1,14.298124
258,1.339098,1.366286,3.306917454,1.319219,0.975664,6.676235,24.088964,6.635942,109.296934,0.891424,0.758406,7.758781,6.685684,276.297023,13233.99893,3.78588,66.920128,102.843644,1125.993938,19.148155,4.130237,8.267784,1.376359,47.598502,3.870565,3.96461,65.18916,8.499109,1.366286,34.890355,2.983597789,31.724906,1,14.331966
259,1.336147,1.365381,3.326728274,1.317843,0.972188,6.673361,24.011907,6.616581,109.036165,0.888573,0.757046,7.758219,6.674071,275.679758,13175.00444,3.773592,66.91754,102.168118,1126.61276,19.232095,4.136396,8.232451,1.372134,47.637285,3.843433,3.952639,65.040075,8.485872,1.365381,34.889817,2.975297672,31.705171,1,14.21699
260,1.331641,1.364511,3.295296633,1.319882,0.974613,6.673348,24.072688,6.633797,109.044985,0.890789,0.758979,7.758685,6.691163,275.378585,13157.50045,3.763139,67.02031,101.86175,1125.636914,19.389364,4.136914,8.250935,1.368876,47.871905,3.84527,3.964101,64.935507,8.513273,1.364511,34.91003,2.973810796,31.652414,1,14.135044
263,1.324854,1.363189,3.263770712,1.315181,0.981191,6.669861,24.201523,6.672906,109.377519,0.895656,0.765786,7.757815,6.728168,275.647112,13167.12942,3.77528,66.980296,101.791312,1119.71339,19.601164,4.135961,8.285266,1.367398,47.970443,3.844604,3.98343,64.506135,8.570354,1.363189,34.827586,2.977429467,31.415137,1,14.029288
264,1.324392,1.362393,3.261176681,1.322604,0.978451,6.670601,24.161302,6.66309,109.225501,0.894134,0.77086,7.756885,6.717364,276.39485,13141.9975,3.776019,67.026109,101.868741,1119.81402,19.639664,4.140737,8.283977,1.360873,47.860336,3.842543,3.980061,64.837357,8.5625,1.362393,34.789878,2.975232475,31.307225,1,13.87196
265,1.315247,1.358475,3.240986547,1.31417,0.976054,6.671211,24.234978,6.68574,109.337489,0.896861,0.768547,7.755336,6.733632,276.726457,13135.49776,3.775964,66.977578,100.887892,1112.64574,19.736771,4.136771,8.279641,1.360538,47.803587,3.848879,3.990583,64.317309,8.58278,1.358475,34.720179,2.97470852,31.35426,1,13.712018
266,1.305748,1.354422,3.19807795,1.30121,0.966987,6.669247,24.044314,6.63312,109.033814,0.889838,0.764593,7.755561,6.678679,272.619683,13072.66418,3.75832,66.623954,100.720769,1101.895355,19.621819,4.107137,8.104022,1.365101,47.878626,3.813134,3.959601,63.711248,8.527585,1.354422,34.660082,2.950080085,31.329418,1,13.487008
267,1.309524,1.358213,3.20411985,1.304173,0.97084,6.669966,24.096665,6.648118,109.074996,0.891742,0.770778,7.756287,6.688514,272.43624,13076.50259,3.759675,66.622971,100.784733,1101.997503,19.626003,4.104512,8.117353,1.376404,48.047976,3.822811,3.966025,63.509988,8.544676,1.358213,34.629927,2.948011414,31.299269,1,13.58748
270,1.309803,1.359972,3.242940863,1.316374,0.9683,6.668887,23.993074,6.618629,109.058782,0.887942,0.773308,7.755461,6.662227,272.171906,13030.00355,3.759457,66.648908,100.435091,1106.473095,19.854289,4.129018,8.108506,1.377464,48.272953,3.822145,3.951163,63.867164,8.5309,1.359972,34.600426,2.980198899,31.434914,1,13.672971
271,1.306684,1.359626,3.22771836,1.325579,0.969697,6.668984,24.086453,6.640018,109.398307,0.891266,0.770169,7.754456,6.688948,273.565062,12934.00178,3.745544,66.470143,100.285205,1098.654189,19.540998,4.131462,8.120143,1.37148,48.33779,3.822371,3.964617,63.927184,8.575134,1.359626,34.590018,2.978966132,31.406417,1,13.55
272,1.303964,1.360356,3.241781737,1.321069,0.970245,6.673586,24.073942,6.637951,109.515278,0.890869,0.768,7.754209,6.695768,274.342984,12947.50111,3.754833,66.451225,100.605791,1097.336303,19.436704,4.136659,8.096927,1.377194,48.275278,3.821203,3.9649,63.878753,8.567038,1.360356,34.600445,2.978886414,31.377283,1,13.585033
273,1.304875,1.362356,3.235005793,1.308529,0.969254,6.667855,24.081633,6.641387,109.529899,0.891186,0.76765,7.755191,6.697531,275.064611,12975.00223,3.756884,66.866144,101.488281,1100.784244,19.423848,4.123518,8.05659,1.376972,48.329917,3.837893,3.968452,63.171553,8.574815,1.362356,34.650209,2.999821763,31.41966,1,13.790215
274,1.313234,1.365021,3.244332945,1.31619,0.974465,6.671714,24.210196,6.676194,109.74832,0.895977,0.771463,7.754413,6.739539,277.564734,13050.99901,3.762745,66.629782,101.326046,1101.836753,19.477556,4.134755,8.051698,1.377027,48.396201,3.869904,3.990413,63.178927,8.620195,1.365021,34.669832,3.008332587,31.343966,1,13.908969
277,1.302777,1.364009,3.240388038,1.308473,0.971698,6.671591,24.048594,6.62718,109.49021,0.889996,0.777127,7.755874,6.67969,274.279103,12982.50267,3.758277,66.541474,101.370595,1101.112496,19.237273,4.118192,7.976593,1.3754,48.219117,3.821022,3.960929,62.300641,8.537736,1.364009,34.629761,3.013616946,31.351015,1,13.584995
278,1.304901,1.369859,3.209031449,1.316817,0.981005,6.671624,24.210196,6.667682,109.65917,0.895977,0.784338,7.756025,6.7261,275.441269,12998.00197,3.770182,66.484634,102.589374,1109.36296,19.337963,4.127498,7.989875,1.373264,48.253741,3.846967,3.994535,62.460801,8.601828,1.369859,34.700296,3.035839083,31.401308,1,13.603978
279,1.313175,1.370529,3.244492017,1.321559,0.977522,6.674605,24.108465,6.637856,109.390777,0.891981,0.786326,7.756489,6.696994,272.812416,13033.91312,3.776916,66.572919,103.157613,1115.252877,19.278298,4.138525,8.016412,1.392561,48.216038,3.830256,3.980109,62.424048,8.58621,1.370529,34.805102,3.053697262,31.461957,1,13.74418
280,1.319803,1.373715,3.237013858,1.320429,0.978274,6.670094,24.158248,6.652928,109.723737,0.894055,0.789656,7.757175,6.716138,272.749218,13017.99732,3.78194,66.736254,103.710326,1116.870809,19.284756,4.162986,8.040948,1.398927,48.374609,3.837997,4.001788,62.339651,8.611533,1.373715,34.854716,3.052391596,31.553867,1,13.819759
281,1.31921,1.375224,3.23940754,1.32711,0.982585,6.671634,24.255835,6.679084,109.82298,0.897666,0.811068,7.758169,6.735637,272.764811,12985.91562,3.798384,66.706014,103.626571,1115.834829,19.35386,4.160054,8.079892,1.399461,48.368941,3.843178,4.043627,62.44991,8.647666,1.375224,34.910233,3.050718133,31.470377,1,13.880521
284,1.316308,1.374283,3.215591398,1.325269,0.982079,6.706989,24.212366,6.667473,109.903584,0.896057,0.807079,7.758781,6.72491,272.983871,12977.5,3.789606,66.516577,103.396057,1111.648746,18.941577,4.153495,8.104659,1.402061,48.41129,3.837007,4.035394,62.435394,8.657527,1.374283,35.100358,3.070609319,31.458781,1,13.848566
285,1.324939,1.378915,3.216355267,1.322592,0.987273,6.719018,24.389385,6.716491,110.211571,0.902609,0.814451,7.760357,6.778139,274.781117,13044.35418,3.800704,66.590848,103.709721,1123.846918,18.872461,4.183952,8.15913,1.413214,48.575684,3.855222,4.051358,62.424136,8.784006,1.378915,35.390378,3.08141529,31.649066,1,14.26302
286,1.320599,1.38294,3.199274047,1.324682,0.989655,6.717695,24.523593,6.75127,110.478494,0.907441,0.816606,7.758076,6.816697,277.722323,13030.3176,3.816062,66.796733,103.901996,1124.91833,18.925953,4.195009,8.193285,1.417514,48.599819,3.899637,4.080762,62.574955,8.831034,1.38294,35.750454,3.088838475,31.598911,1,14.394011
287,1.323066,1.383856,3.20139518,1.324515,0.98786,6.727759,24.479978,6.739899,110.506614,0.905961,0.819261,7.75838,6.805581,277.658996,13077.49592,3.813463,66.893912,103.723501,1134.136619,18.982787,4.211814,8.223229,1.415383,48.413662,3.897445,4.079543,63.241529,8.820891,1.383856,35.579815,3.098025005,31.742163,1,14.29634
288,1.310762,1.387293,3.180694419,1.316579,0.989729,6.72605,24.567351,6.762225,110.504181,0.908926,0.817215,7.758862,6.823578,277.50409,13050.86348,3.819851,66.749682,104.308308,1132.575895,18.946373,4.192692,8.202872,1.409562,48.379386,3.910198,4.093801,62.971005,8.822759,1.387293,35.269951,3.08752954,31.729686,1,14.206781
291,1.31308,1.388939,3.196925596,1.312807,0.988903,6.737766,24.58068,6.767328,110.644533,0.909587,0.82304,7.759141,6.827815,279.179552,13058.00437,3.825177,66.815081,104.111333,1139.876296,18.937511,4.217482,8.214935,1.403766,48.532836,3.936784,4.099054,62.825996,8.825541,1.388939,35.270147,3.094142259,31.737311,1,14.238039
292,1.303739,1.386519,3.190484854,1.308287,0.990267,6.737014,24.580187,6.76858,110.337033,0.90967,0.814746,7.758938,6.824616,279.204949,13030.00091,3.828254,66.710179,104.038934,1126.416811,18.71309,4.192304,8.147457,1.389975,48.152461,3.928318,4.10352,62.902574,8.826071,1.386519,35.059583,3.09997271,31.59829,1,14.046484
293,1.302304,1.387012,3.193642408,1.308043,0.988615,6.73677,24.611531,6.777393,110.509974,0.91083,0.813717,7.757993,6.838054,279.697605,12994.99955,3.830586,66.66272,103.37007,1123.854632,18.658348,4.187176,8.159668,1.387376,47.993442,3.932963,4.100556,62.503233,8.833227,1.387012,34.900264,3.071682303,31.480098,1,13.903816
294,1.303643,1.388616,3.153825137,1.31694,0.988342,6.737705,24.60929,6.77623,110.266758,0.910747,0.815738,7.757832,6.837432,280.091075,13007.50455,3.841712,66.79827,103.606557,1126.930783,18.561931,4.17204,8.162568,1.382969,48.020947,3.941894,4.101093,62.423224,8.837887,1.388616,34.979964,3.060655738,31.557377,1,13.910656
295,1.310674,1.39436,3.15451038,1.322892,0.994396,6.763274,24.821789,6.832905,110.335017,0.918611,0.820503,7.758313,6.896932,283.20779,13073.58075,3.857523,66.89785,103.766305,1137.819217,18.654694,4.186019,8.22506,1.39537,48.295058,3.973085,4.1377,62.388848,8.902535,1.39436,35.135036,3.079827301,31.763733,1,14.031876
298,1.311358,1.391883,3.140207511,1.33569,0.993573,6.773942,24.810394,6.830778,110.141126,0.918189,0.817326,7.75668,6.894041,283.288954,13018.99734,3.861629,66.841888,104.021669,1133.311909,18.571573,4.17262,8.25039,1.397025,48.261868,3.963456,4.13782,62.250482,8.911027,1.391883,35.000459,3.076026077,31.661005,1,13.879993
299,1.308775,1.391924,3.115526122,1.331678,0.997792,6.777502,24.853753,6.842071,110.214864,0.919794,0.818598,7.756714,6.901214,283.443709,13005.99706,3.850533,66.811074,104.534584,1131.926049,18.490066,4.152134,8.266004,1.398823,48.21376,3.958977,4.129967,62.082689,8.938558,1.391924,34.950331,3.072755703,31.566409,1,13.833977
300,1.301602,1.389565,3.118077803,1.336568,0.992037,6.769245,24.733181,6.808696,110.003936,0.915332,0.818902,7.755789,6.865904,282.919908,13010.06865,3.838719,66.842563,104.320366,1135.853547,18.624073,4.162014,8.276888,1.395515,48.457666,3.958352,4.115789,62.334096,8.912403,1.389565,35.000458,3.084851259,31.587185,1,13.750023
301,1.312254,1.392056,3.135444312,1.336597,0.991855,6.77972,24.729569,6.806626,109.880388,0.915164,0.815942,7.755194,6.864647,282.996248,13032.46088,3.842683,66.819347,104.685641,1143.186602,18.725268,4.195662,8.223483,1.399835,48.489979,3.961929,4.121717,62.786126,8.982337,1.392056,35.090144,3.097373479,31.674751,1,13.857509
302,1.320637,1.394342,3.18998352,1.338857,0.993866,6.780168,24.74089,6.810291,109.96649,0.915583,0.823155,7.7538,6.8731,283.336385,13050.50357,3.856528,66.798663,105.383629,1145.403772,18.822102,4.208021,8.280992,1.400476,48.521333,3.965116,4.120582,62.962644,9.029482,1.394342,35.050357,3.118293353,31.642556,1,13.881157
305,1.315275,1.393294,3.182532432,1.339759,0.988489,6.774712,24.688471,6.796364,109.841221,0.913576,0.822675,7.75507,6.860314,281.7833,13040.2156,3.849625,66.776905,105.033802,1146.437055,18.924721,4.199708,8.2537,1.398959,48.477069,3.953773,4.116572,63.264937,9.012425,1.393294,35.014617,3.102959985,31.580486,1,13.564955
306,1.300771,1.388481,3.196281179,1.336054,0.981678,6.769252,24.511565,6.747302,109.611973,0.907029,0.817896,7.755465,6.809977,279.120181,13048,3.821678,66.705215,104.825397,1141.442177,18.88254,4.17288,8.182585,1.391565,48.279365,3.907937,4.086621,62.920454,8.961451,1.388481,35.020408,3.101587302,31.546485,1,13.495692
307,1.305002,1.384407,3.241730509,1.337539,0.97224,6.758269,24.355115,6.705273,109.833979,0.901307,0.811744,7.754845,6.771519,277.656602,13051.59081,3.815593,66.670572,103.307796,1143.271744,19.373592,4.179,8.178008,1.372871,48.345201,3.898603,4.058405,63.450473,8.914826,1.384407,34.955385,3.116719243,31.442091,1,13.377467
308,1.304591,1.385756,3.228488792,1.338937,0.974964,6.763557,24.422451,6.725054,109.924982,0.903832,0.80132,7.755785,6.791396,278.271873,13068.00434,3.814805,66.744396,103.262834,1144.28778,19.29013,4.187545,8.186461,1.36786,48.40564,3.90329,4.066161,63.763738,8.954085,1.385756,34.970174,3.111984816,31.505785,1,13.462129
309,1.301542,1.384387,3.244929235,1.34328,0.971243,6.756964,24.358605,6.708014,109.714505,0.901469,0.800577,7.755702,6.77319,275.966826,13088.84882,3.80393,66.744343,102.983864,1144.334265,19.136843,4.206346,8.212206,1.367439,48.532408,3.893266,4.056162,64.064906,8.98134,1.384387,34.979717,3.148832597,31.482016,1,13.532949
312,1.301483,1.389984,3.20421262,1.339089,0.975321,6.774634,24.426867,6.726451,109.888809,0.903996,0.804918,7.756283,6.792623,276.667872,13088.00398,3.812421,66.754656,104.321099,1143.274272,18.657476,4.216597,8.229524,1.36648,48.718134,3.914392,4.066896,63.709094,9.02486,1.389984,35.009944,3.170131983,31.495209,1,13.455523
313,1.298424,1.390379,3.203841276,1.336836,0.976445,6.787371,24.479978,6.741982,109.981065,0.905961,0.807103,7.754756,6.803769,276.834571,13096.84726,3.811288,66.595851,104.783475,1135.848886,18.56224,4.218337,8.22187,1.364378,48.635622,3.921272,4.083439,63.783294,8.985776,1.390379,34.960138,3.170230114,31.475811,1,13.34644
314,1.300671,1.39403,3.226728361,1.342588,0.979223,6.783796,24.520958,6.751678,109.952005,0.907276,0.807748,7.754219,6.808928,276.673925,13190.99982,3.801125,66.572764,103.919434,1152.830702,19.825984,4.235892,8.273725,1.366812,48.793322,3.936491,4.08728,63.378879,9.075032,1.39403,34.944656,3.194973689,31.530575,1,13.454999
315,1.315833,1.40872,3.287287747,1.348233,0.987793,6.798073,24.802203,6.830106,110.521524,0.917852,0.805737,7.755392,6.888022,282.055989,13284.88297,3.840385,66.735659,106.837999,1160.972923,20.226618,4.303167,8.327949,1.388894,48.974759,4.000734,4.132446,63.90849,9.094998,1.40872,35.160165,3.238182653,31.754933,1,13.864525
316,1.31493,1.408566,3.412325752,1.349138,0.984226,6.804659,24.811079,6.825293,110.457997,0.917095,0.789921,7.757979,6.890132,283.611519,13404.99817,3.831805,67.250092,106.346295,1164.893617,20.823734,4.341709,8.359134,1.390591,49.039802,4.042645,4.141599,65.487436,9.04347,1.408566,35.29989,3.253026412,31.771827,1,14.221662
319,1.324673,1.415886,3.447434351,1.353809,0.996474,6.844112,25.07748,6.905911,111.012991,0.927902,0.797857,7.75791,6.969008,287.770251,13357.50209,3.850701,67.811079,107.887167,1172.858866,20.880022,4.349077,8.476385,1.409762,49.172311,4.088336,4.19254,66.451517,9.102255,1.415886,35.469982,3.292010764,31.984782,1,14.388234
320,1.322805,1.412169,3.437621923,1.352531,0.99935,6.857037,25.10915,6.914445,110.725221,0.928936,0.804812,7.75699,6.9817,287.942406,13368.62053,3.841895,67.755225,108.267534,1165.954482,20.467069,4.329215,8.439201,1.406781,49.129587,4.110079,4.193219,65.211797,9.150952,1.412169,35.395262,3.279795634,31.86066,1,14.183
321,1.339282,1.417866,3.437768641,1.347879,1.003364,6.879088,25.262568,6.954027,111.035414,0.934405,0.804616,7.757429,7.026257,290.216782,13470.99608,3.856195,68.068585,109.558961,1175.817604,20.470099,4.350028,8.47692,1.418333,49.364605,4.151841,4.223323,65.113624,9.187815,1.417866,35.510185,3.320968043,31.908055,1,14.333489
322,1.339834,1.416441,3.410469348,1.342633,1.001866,6.869553,25.240272,6.944014,111.119996,0.933097,0.802977,7.757115,7.019502,288.662872,13372.50163,3.858356,67.868807,109.284315,1176.793879,20.295232,4.38201,8.479798,1.412989,49.575441,4.147429,4.216385,64.587478,9.178688,1.416441,35.439955,3.332275823,31.859662,1,14.270038
323,1.352526,1.4213,3.391570232,1.351491,1.007715,6.882679,25.43513,6.999624,110.922476,0.940822,0.811158,7.75708,7.086273,291.175087,13427.50024,3.872707,67.943362,110.029165,1176.159563,20.412833,4.403989,8.565058,1.418101,49.569103,4.179979,4.247813,64.723022,9.24292,1.4213,35.510396,3.367955593,31.921159,1,14.374824
326,1.356787,1.422726,3.35499953,1.345875,1.00903,6.894271,25.427523,6.999247,110.930204,0.940645,0.806368,7.756279,7.089455,290.781676,13390.99803,3.869627,68.14881,110.610479,1177.076474,20.483586,4.419998,8.545104,1.418587,49.745085,4.167717,4.242781,64.122848,9.231963,1.422726,35.469852,3.363465337,31.882231,1,14.220017
327,1.351794,1.424696,3.34341151,1.340303,1.010643,6.885184,25.472356,7.007535,110.757464,0.941886,0.804587,7.755581,7.092399,290.93906,13426.0243,3.865593,68.295187,110.897617,1174.437223,20.330131,4.421023,8.529999,1.415937,49.80503,4.163606,4.249506,64.010549,9.227936,1.424696,35.464821,3.364132994,31.812188,1,14.05689
328,1.348236,1.427655,3.382380683,1.345029,1.012168,6.900302,25.49236,7.017355,110.830504,0.943218,0.805442,7.756272,7.100547,292.43539,13536.52141,3.872383,68.736559,111.337483,1177.325033,20.594228,4.444633,8.553103,1.418506,49.895303,4.164686,4.260045,64.276363,9.230617,1.427655,35.599887,3.390303716,31.924165,1,14.139974
329,1.353242,1.432215,3.404342055,1.349261,1.01697,6.919606,25.629503,7.05091,110.791904,0.948047,0.803944,7.756826,7.139078,294.330679,13550,3.876185,68.756636,113.225256,1181.712173,20.748009,4.459898,8.613766,1.431172,49.983883,4.194065,4.275692,64.542852,9.258438,1.432215,35.67975,3.425862723,31.903678,1,14.228764
330,1.343467,1.428625,3.435989426,1.349131,1.013595,6.919845,25.527757,7.022281,110.734328,0.944109,0.804211,7.756137,7.110838,292.041163,13517.50378,3.875283,68.535215,113.038142,1177.331949,20.650208,4.456477,8.562122,1.41994,49.849887,4.172017,4.261707,64.587519,9.23716,1.428625,35.649547,3.448168429,31.875,1,14.135008
333,1.340574,1.427465,3.391480922,1.345108,1.015395,6.908765,25.542123,7.025784,110.731016,0.944465,0.805657,7.755667,7.118247,293.398187,13529.99622,3.856158,68.720249,112.627503,1174.518323,20.548734,4.462505,8.58028,1.415848,49.853608,4.173971,4.264261,64.986305,9.236683,1.427465,35.570457,3.426709482,31.75765,1,13.884964
334,1.343608,1.42899,3.404784418,1.345688,1.016641,6.899773,25.57205,7.033945,110.795575,0.945537,0.801957,7.755673,7.126324,294.515885,13572.50378,3.846445,68.699414,112.972769,1173.770802,20.684191,4.465961,8.582167,1.409985,49.795764,4.188635,4.27118,65.28489,9.234871,1.42899,35.699697,3.429179274,31.870272,1,13.989977
335,1.343771,1.427268,3.396144805,1.338317,1.015797,6.883404,25.444288,6.996051,110.765021,0.940291,0.801598,7.75637,7.087729,292.910202,13552.49647,3.841091,68.508698,113.286319,1172.891396,20.571227,4.466008,8.480489,1.402069,49.753644,4.182699,4.235073,64.33559,9.171415,1.427268,35.654913,3.420028209,31.856135,1,14.00047
336,1.352969,1.427967,3.443775289,1.339983,1.012892,6.885857,25.464383,7.001129,110.784982,0.940999,0.791362,7.755905,7.09984,295.436153,13544.99859,3.833255,68.351369,114.22791,1168.382422,20.640068,4.463536,8.433989,1.412252,49.715818,4.204009,4.238449,63.771525,9.215677,1.427967,35.664816,3.484708761,31.921521,1,14.074998
337,1.346833,1.422665,3.468239053,1.330295,1.010242,6.888743,25.425672,6.990979,110.515505,0.939673,0.792173,7.755497,7.089363,294.991543,13520.30633,3.831235,68.255967,113.888367,1172.110506,20.78162,4.452547,8.443902,1.40857,49.669235,4.21838,4.237455,64.13926,9.207198,1.422665,35.620184,3.54698365,31.905657,1,14.081282
340,1.344702,1.423098,3.461409082,1.330592,1.008877,6.883013,25.28219,6.951598,110.286021,0.934405,0.78647,7.755279,7.041301,293.37507,13432.4986,3.826761,68.164362,114.296393,1172.192114,20.63661,4.448514,8.394693,1.411418,49.699122,4.205289,4.205756,63.649318,9.158568,1.423098,35.644739,3.531489441,32.062231,1,13.840871
341,1.341066,1.41867,3.431805478,1.326812,1.009223,6.881032,25.19564,6.929756,110.099497,0.931619,0.784516,7.755729,7.024408,292.053289,13382.50419,3.808832,67.800913,113.91839,1169.377678,20.375443,4.435532,8.366219,1.402925,49.553754,4.171791,4.189957,63.745761,9.132663,1.41867,35.599963,3.465809577,31.938699,1,13.613005
342,1.342777,1.418267,3.397670084,1.327307,1.009692,6.881267,25.196645,6.93178,110.327679,0.931966,0.793057,7.756664,7.024977,291.686859,13325.00466,3.803262,67.644921,114.091333,1162.693383,20.325629,4.431966,8.379124,1.4,49.635601,4.126747,4.191985,63.739422,9.108574,1.418267,35.630009,3.418732526,31.814539,1,13.563001
343,1.338599,1.419067,3.40076194,1.321502,1.008456,6.879855,25.123583,6.912284,109.977513,0.929195,0.78977,7.756458,7.001951,292.036796,13286.49879,3.788143,67.371771,113.928638,1161.522022,20.341479,4.422041,8.376231,1.391284,49.679428,4.138636,4.183237,63.361829,9.03438,1.419067,35.619773,3.407916744,31.719941,1,13.674224
344,1.339237,1.428071,3.391893172,1.317738,1.018657,6.906999,25.596174,7.043186,110.981911,0.947059,0.794914,7.759636,7.133914,297.802822,13327.5026,3.82612,67.564163,115.048774,1171.512454,20.439909,4.423525,8.505067,1.396439,49.829529,4.210058,4.261199,63.167724,9.177952,1.428071,35.670045,3.476370868,31.808883,1,13.774979
347,1.337675,1.429313,3.393072858,1.313515,1.01661,6.910627,25.506795,7.018781,110.81493,0.943752,0.791808,7.758683,7.109758,296.357116,13327.50094,3.821914,67.42969,115.788977,1168.110608,20.240846,4.412042,8.446395,1.396093,49.754624,4.202529,4.253775,61.217535,9.196395,1.429313,35.639864,3.517270668,31.825217,1,13.726029
348,1.334119,1.426767,3.329406221,1.312064,1.012441,6.902262,25.468426,7.009425,110.608954,0.942507,0.78688,7.757116,7.093308,296.239397,13312.86522,3.809614,67.539114,115.240339,1166.71065,20.243921,4.445523,8.434967,1.387747,49.805844,4.18869,4.245523,60.870028,9.159284,1.426767,35.600377,3.482846371,31.771913,1,13.687088
349,1.331924,1.423995,3.310973318,1.311631,1.009677,6.905205,25.388012,6.986002,110.683578,0.939496,0.788829,7.756576,7.084273,295.838031,13288.00263,3.809658,67.478861,114.984968,1166.009019,20.261744,4.4441,8.476419,1.384912,49.716272,4.171552,4.242108,61.197482,9.16507,1.423995,35.590004,3.487880496,31.767193,1,13.670425
350,1.354161,1.440445,3.387849122,1.334293,1.030137,6.935598,25.934351,7.136002,111.330262,0.959785,0.802361,7.759958,7.238027,300.575871,13425.0024,3.845091,67.801612,118.08235,1186.131107,20.654573,4.472214,8.637393,1.415875,49.934735,4.266244,4.340436,61.805644,9.375948,1.440445,35.790383,3.53584797,31.947404,1,14.040023
351,1.36402,1.443146,3.360570936,1.337293,1.029888,6.958042,25.884663,7.121372,111.362678,0.957946,0.803621,7.762429,7.219082,299.310279,13389.99904,3.872497,67.800077,118.191398,1187.403008,20.359038,4.475046,8.681196,1.426573,49.998084,4.234122,4.326564,61.597567,9.377335,1.443146,35.83964,3.506178753,31.94942,1,13.974135
354,1.376991,1.449146,3.376607177,1.338227,1.027538,6.953272,25.926885,7.133276,111.206678,0.959509,0.807331,7.766839,7.229898,299.165227,13397.90827,3.867684,67.858856,117.242372,1188.792938,20.426118,4.478027,8.682115,1.44147,50.052773,4.232393,4.334964,61.89551,9.383995,1.449146,35.884667,3.505277298,32.006333,1,14.075034
355,1.381706,1.447511,3.357873408,1.340795,1.031166,6.957159,26.07198,7.173196,111.340988,0.964878,0.810286,7.766692,7.267464,300.057893,13468.99846,3.861829,68.069761,118.130066,1194.953686,20.373408,4.479545,8.717001,1.450116,50.027981,4.254631,4.362505,61.623311,9.38489,1.447511,36.029525,3.519008105,32.080278,1,14.068506
356,1.376259,1.442856,3.332597639,1.336916,1.025717,6.944535,25.929373,7.133864,111.212935,0.959601,0.808368,7.761923,7.226082,297.744938,13434.98705,3.831206,67.880242,117.368775,1193.618655,20.444103,4.479513,8.661357,1.444391,49.901161,4.230112,4.33682,61.096056,9.249112,1.442856,35.994626,3.512810671,32.015162,1,13.949333
357,1.385484,1.449253,3.328322482,1.346802,1.025086,6.94753,25.872271,7.118154,110.997032,0.957488,0.810465,7.763596,7.214669,297.031789,13472.73076,3.82095,67.982095,117.636921,1203.762926,20.690061,4.477978,8.710743,1.446859,50.017235,4.222137,4.334163,61.042321,9.192646,1.449253,36.022597,3.512255841,32.137112,1,14.056971
358,1.394409,1.44687,3.268811028,1.351426,1.025369,6.945721,25.869232,7.116791,110.936531,0.957304,0.81637,7.76077,7.216159,296.457974,13434.93203,3.82443,67.803465,117.365499,1203.896228,20.692131,4.473961,8.704576,1.454624,49.781735,4.22152,4.338311,61.275608,9.234157,1.44687,35.960176,3.510817538,32.164465,1,14.010435
362,1.391288,1.44854,3.279655337,1.353375,1.029584,6.952513,25.869794,7.11843,111.103686,0.957396,0.816659,7.759023,7.234562,295.959789,13448.08042,3.854572,68.016276,117.386309,1207.257061,20.616946,4.479177,8.71977,1.452178,49.745333,4.221158,4.338248,60.749162,9.247295,1.44854,36.009574,3.52101484,32.307324,1,13.958066
363,1.393328,1.452456,3.27141621,1.357466,1.030093,6.959331,25.999423,7.148447,110.90549,0.961446,0.81846,7.758292,7.263244,297.115662,13442.49591,3.852995,68.232382,117.671378,1213.316027,20.738391,4.483511,8.727718,1.446976,49.846169,4.233055,4.366407,60.565138,9.209018,1.452456,36.030189,3.546005192,32.369964,1,13.89626
364,1.38764,1.449919,3.264421697,1.354061,1.024969,6.955515,25.849995,7.111643,110.74438,0.956663,0.816034,7.756242,7.231704,296.651679,13462.4988,3.848273,68.013967,116.751172,1209.461399,20.695398,4.484454,8.682483,1.438821,49.662298,4.222807,4.340859,60.514206,9.144265,1.449919,35.939922,3.532574381,32.315125,1,13.672821
365,1.384688,1.445214,3.254435063,1.345982,1.018784,6.944502,25.63419,7.052841,110.29001,0.948677,0.812238,7.755526,7.17171,293.92847,13446.00133,3.839958,67.919078,117.066692,1204.212124,20.654492,4.486007,8.61996,1.438004,49.585428,4.183948,4.306043,60.999905,9.062233,1.445214,35.789773,3.516933877,32.42292,1,13.715018